CONFIG 32 4 8 2 1 16
INPUT 1 2 3 4
TARGET 2 3 4 5
PARAM embedding.weight 256 -0.031526749251994654 0.030170643729603805 -0.010315909800877154 -0.004656345905244184 0.004589204198336214 0.02260405867578447 0.012079235536250852 0.033461800669551185 -0.02020843380811791 0.0216881290657748 -0.0072922383835910985 0.014887130423139388 0.00589789418714203 -0.012285459741564794 -0.006292658765366249 -0.02005282578842196 -0.009386771795382698 -0.021567825936354187 0.006771594009916127 -0.0015799001997176632 -0.003639773698321625 0.020630591079221983 0.005385136958307786 0.01343712874157794 -0.008139989078001494 -0.008143965253585234 -0.024788796457886387 0.015201955491171624 -0.028637329124521816 0.047142817008934516 -0.03480844025811711 0.02096536229027534 0.0169114007859443 -0.017051571477392388 0.004608682305972332 0.002515467818797223 -0.035653850419587005 0.02693198207023806 -0.0031471675394373418 5.725088347135871E-4 -0.020813717130995273 -0.006188075055341541 0.0024355350175308374 0.005482331880987325 0.006615133831927224 -0.009038327831678261 0.022553027302694803 -0.01674076530571862 -0.007760702529592488 -0.004166462144629822 9.191292664804597E-4 -0.024152839544450706 0.029536697605239453 -0.01002953816922144 0.03543793559028757 -0.0024724658783677115 0.02958559680998381 0.04481272600651586 0.0028332443323519623 -0.01100990007707283 0.018349114763030958 0.020937625904158357 0.001838983877458831 0.00903422212616726 -0.003848369174996802 -0.005711768453242383 0.006038059600037031 -0.006331884971590686 -0.012844550153523954 -0.004919152548424741 0.015587631470927524 -0.003247439782229107 -0.01747207683033238 -0.0072135111110427684 -0.0034807311781392585 -0.013158653990471954 -0.01829079363189459 0.01402665802518603 0.00579534979482931 0.017944352301182524 -0.012953892068329595 0.019306986774585838 0.012110809530283753 -0.033718266233702734 0.013146369706321853 0.014218939554841617 0.020746962218474104 0.022560638291089414 -0.04392397864740431 -0.021869452027250644 -0.025664377505748234 0.004910450811669759 0.01631774211284062 0.005443273691012111 0.007039977959710873 0.0016894798261520045 0.02365806015128293 -0.008828518405239082 0.003548274977200696 -0.018683151605390774 -0.002691211335780989 0.029014220816359546 0.00812338712375005 0.005154388376092673 0.01206197022752313 0.0059909619058756 0.02015120100015452 -0.013857300595273013 0.06511498700916592 0.002271451389699136 -0.012499714334527501 -0.008103987554826348 -0.016963790300649182 -0.043930855701071685 0.016018011873783686 -4.3634272175547905E-4 -0.00755647219999988 -0.012431850501410123 0.03132533804667887 -0.01617899181747992 -0.011683387087211505 0.0015420144588444995 2.0716334154467486E-5 0.020151016874768012 0.029898571134168384 0.007624466505458266 -0.00255981253968296 0.0019352412575731623 0.03152182652253611 0.013929276162673723 -0.016731780264731152 0.0032960896684674406 0.003979826300448046 -0.01617811729630671 0.0071752850755141375 0.013985296220330403 0.007173440096694142 0.023143316368440595 -0.004558675763259062 -0.002715924539372261 -0.01894673138125876 -0.0072458809762323 0.004300550248148814 0.020446135051207102 0.0011563736962975615 0.0053519000692039435 0.014391930526472417 -0.02260242927387428 0.010693499254530019 0.006761378084560496 -0.02300846905488443 0.0024107149003024008 -0.003914685025944895 -0.01777924783521786 0.020502715480962542 -0.0012197772646701866 0.01261145517933239 0.0038341350622863287 -0.017154089318027383 -0.03129545441433594 0.003911029743978108 0.04033784884416427 0.015453959581641892 -0.0023259260344448735 -0.032293014573868246 -0.027514557773432636 0.026226004219641552 0.0033057152103900173 0.020164005065512074 -0.014594894940767572 -0.040075765676322456 -0.0034697499174710968 -0.004858357303153617 0.002593173097999348 0.05182982148699014 -0.008579147399959278 -0.04548391141900302 0.012940044668165689 -0.0035151578154524366 0.03245157586405412 -0.020818159315966124 0.021891932092363592 0.015111575250331641 -0.008164860666456436 0.006870324223256105 -0.011498848228044388 -0.0010878841477346597 -0.016605802732852126 0.006942632667085253 -0.016018881771466174 0.02874178621767152 -0.018969631598638105 0.003038025634512662 -0.0032056853852059993 -0.023789152935116294 0.019950672446691516 -0.022582581363978296 0.0029229674196267616 0.0032281116827552296 0.0017074642445360103 -0.02492423349782894 -0.007870214099746826 -0.004415081754065703 -0.021403734135480783 -0.013591515224234789 -0.005135366661291641 -3.1229474620624406E-4 0.04883440379101607 -0.004765421888018082 0.0031032292913752593 -0.0016421609455297384 0.029340062926196828 -0.022610416650704464 0.01097006764739203 -0.023080231519547235 0.02333045856165639 0.006676159647204437 0.028905229195623234 -0.014447949289373749 0.008732042462427661 -0.019063911072526602 -0.006180318077328236 0.028226520920751876 -0.01055329777434772 0.025357894273750625 0.011440040874781222 5.313067571320076E-5 0.022462807042734824 0.037847508054702515 0.012168670386879328 -0.004835388864450334 -0.03710841856563661 -0.015402677649820182 -0.012923519879982215 0.04391145294649066 0.007191881569583218 0.0036948098222555985 0.01845766073647928 0.01699403107927619 -8.068608194304892E-4 -0.01271430588628777 0.007798562830807201 -0.0013917003906298029 0.052039796937099154 0.016712012191950603 0.021173862288610717 -0.018673006523611892 0.0023619849646626416 -8.279717577546401E-4 -0.026127446265364958 -0.0372213225032004 -0.028264258452389016 0.0012117049326666603 -0.04251565092856275 0.0201529770107126 0.007471873182008954
PARAM position.weight 32 -0.004543471879331209 -0.010810270857960127 -0.002505510797821813 -0.0033314707915955005 -0.03201910085370722 0.017240734392913952 0.014663542360129294 -0.02028666144420507 0.02323511336900167 5.941492857671463E-4 -1.412736958143465E-4 -0.01707600552173633 0.024901206004993286 0.02755256652268806 0.04079874012824106 -0.004894452391245998 -1.6908095200208285E-4 -0.007642034438006504 0.0248436464866231 -0.045473801083215325 -0.0019198185619044806 -0.022124457006297216 -0.028920570985216148 0.023231299730100876 -0.005520184188757799 -0.020902748915278137 0.016295830454787896 -0.0015442610119823287 -0.044952590718760475 0.010232616189290056 0.0025638141762445547 0.011497103895208187
PARAM blocks.0.attention.q.weight 64 -0.022112356293978022 0.012418227285074884 0.03466189084768564 -0.016645182955028863 -0.0268376195352534 -0.018360439669579027 0.009605861154781015 0.00877030881119348 -0.00865873947610724 -0.028862406399913942 0.0013980814656352272 -0.025655001631246226 0.003721694720063249 0.026611268252858568 0.013285710080408087 0.02110696430734074 0.01627612933165728 0.013981467633048193 0.016762765966820845 0.0014306716211215467 0.020800446719838554 -0.01197725674626787 -0.0035279853812690836 0.0037134744148926402 -0.009563226636314304 0.018989969590709393 0.019826893086207154 -0.001240175568218581 0.00131809779135974 -0.009557365556348797 -0.011550125788884799 -0.004895410732083532 -0.012292532472682385 0.018051979341644948 -0.01751194041092719 0.024598919068914187 -0.0014917601434179361 0.017712039079255146 -0.02515438354739481 -0.005444138619820083 -0.02586292586356634 0.010095252763396035 0.02280922912609767 -0.008628675628006935 -0.03938582791992687 -0.004841673765953308 0.016361799700824436 0.022889737408290634 0.01858822159817311 -0.01584215900800001 0.02308913190488699 -0.01979137615969094 0.0011083737417501196 0.0012638430265567127 -0.020543452346731998 -0.003767977807866333 -0.0032807652741179485 -0.03932714771522707 0.027834153556623883 -0.0029807957903617488 -0.03927722224898315 0.01269695495498032 0.011942654825708273 0.005005370006516575
PARAM blocks.0.attention.k.weight 64 -0.002197176940505645 -0.015130667696318292 0.01005716985078042 0.007858623170826164 -0.006572672749067379 0.013020388134167494 -0.004934844953586343 -0.014508671745614493 -0.037506746317471445 -0.007925286036308331 0.001344106640172625 -0.015033850947147162 -0.002050584322446698 -0.017511964278210196 0.01812658256322677 -0.014262853436851105 0.007409886393478731 -0.016484909165111198 -0.004928319330572864 0.004034943954869126 -0.006856941973840569 -0.010179278953227051 -0.014060923649476084 0.015589286438347496 0.008029597179977303 0.028056013345609795 0.02105525051779422 -0.0057530286677807555 0.034178750492895524 0.019054404269166395 0.0032179637499973584 0.004884743106765771 0.001398232994190386 -0.01578290344017169 -0.007911576947542917 0.006813092622364236 0.0038594999032631467 0.018320597922867093 0.0023526958070022776 -0.03231514523641009 0.015220599832146993 0.02310252019291007 -0.01820246249981101 0.03427395228287281 0.022253287604266342 0.010150343777668838 -0.012053210939876269 -0.010930783563682989 0.014744743576326559 0.0023658249167401914 -0.0027168916813033917 0.0026364363163164013 -0.010378629986900707 0.01686878310637675 -0.022942718032718 0.005413426246358362 -0.06243697927073796 -0.006084877529490239 -0.006282043509882029 0.0020639107382470147 0.013735826359644333 0.025932692133368112 0.0051778578459865665 0.0016009871693461683
PARAM blocks.0.attention.v.weight 64 0.003894104428637094 -0.0020381104068784178 0.007079990828527507 -1.6991363104786435E-4 -0.015582366163126948 0.011693870649645688 -0.02451038662541705 -0.007601109799696298 -5.102303522388282E-4 -0.004691646650623569 -0.015341320475995046 -0.04066418872596339 0.010495712347685681 0.016719651568599357 0.06925242593842965 -0.002079301017626962 -0.001196051249697911 0.019832242935682674 0.011403828267815124 -0.03060095213581082 0.0038424747676647237 0.006917745107920224 -0.023385631847006354 0.0038757371615546804 -0.0013046640636977115 0.03270116157679158 -0.003914865534429567 -0.007642718899664676 0.01420601297340873 0.029826621657190015 -0.008304458583565598 -0.036605355222314756 -0.028183348404289297 0.020879472638729052 0.0027811160086135566 -0.007802791581739235 0.023319115721813614 -0.014667028578300902 0.002185932173383385 -0.011718383353540338 0.005546419106006724 -0.0018043710053810029 0.013376642055528248 0.006239744338321127 0.0035536952745057037 -0.013022037246834539 0.011611154854176155 0.01347498714109932 0.017628189766044633 -0.006687517375047129 -0.025472006552839863 -0.0022985981028074915 0.02513196601255125 -0.0043960337880632055 -0.002107646551312752 -0.01873047592899454 0.003266920986364746 -0.015798830023094824 -0.03596288774071585 -0.0014433467043274242 -0.015803845488826528 0.01775766277875606 0.019931532452250766 0.028672166215065596
PARAM blocks.0.attention.out.weight 64 0.029525806992719016 -0.06638516946649146 0.02007296458722261 -0.013462064010916265 -0.034516441026424344 0.004368839248811473 0.0070971138611918205 0.02044775476573005 -0.010663779705491842 -0.02294184038742025 -0.01916212490588893 -0.025499651999638964 -0.009962492716505478 -0.0013550573523633531 0.027188800736602712 -0.01612984267858139 0.017606738246816914 0.03639971380191097 -0.004529889226272314 0.029037246542174877 -0.007116265011625857 -0.0058271124794335195 0.002813933343491478 -0.011700763939677422 0.017053797481304093 0.017193189790244118 0.0031129169451967927 -0.01850253313172977 -0.006173672300179502 0.02318537251515374 0.01669779480883179 -0.004578055134528871 -0.010252967707391156 -0.021049932422568217 -0.018016530901644394 -0.0025701282787171254 -0.0043345598064957035 -0.0118095357619918 -0.004571523191657445 -0.005569501009736536 0.006172346386102333 0.010244534859517873 -0.006375322142852421 0.015167806795041943 0.019483146137616612 0.036541384963231706 -0.00459365677099885 -0.018624902099979263 -0.0036977886225603575 -0.005884646780369768 -0.02507801290094175 2.667373596406331E-4 0.02825589038019094 0.0077768569118948265 0.021381941611261678 -0.020015399142479528 0.016712163218572267 0.003234465687436169 -0.004218351956986955 -0.014041973789622002 -0.030340116196073033 0.006191011018901222 -0.015090055800935412 -0.026267454524084202
PARAM blocks.0.ffn.up.weight 128 -0.022481437802866128 0.018888710486454692 0.013010906369597239 0.03921879570822775 0.004721763139259008 -0.0012113058225329022 4.914079055162804E-5 0.01547293018878749 -0.026688896363167017 -0.013449960478705452 0.01597518573375455 0.022330400283622584 0.0021434406485629598 0.004564872320583911 -0.0028865943579488972 -0.015787234925424075 0.04874283363454882 -0.013922517824231364 -0.00995939245516045 -0.0010709195421841492 0.013745590252827518 0.01693137362526215 -0.013228795042849371 0.028370004010966465 -0.01975907308833615 0.0051788462268324 -0.011790919256545376 0.019501821973641954 -0.019284238255891154 -0.011692427084598524 0.012450863456627817 -0.013824253817308362 -0.012073062925608575 0.011195593797347133 0.02121824039826116 -0.013116118811771313 0.006239818518600495 -0.026949732784465538 -0.016761877879494336 -0.02076179598052877 -0.03343888630554984 0.009344903509347397 -0.0030446699890819312 -0.01019175522994116 0.02524562450967495 -0.03606662058731763 -0.03897615098477075 0.0018436384917583678 -0.03233838615575551 0.03278025695458715 -0.0022739585346839082 0.021939153356598972 0.0015294424094006445 0.040148713533338744 -0.023994635573524187 -0.024111499414676982 -0.04006086403685011 0.012993033040515807 -0.03111974408024933 0.02648985921794588 0.002916550725561194 0.010134807051383737 -0.03071537089336748 0.003414854217268561 0.016171946818490178 0.021343780440434088 -0.014417382465546176 0.0020500552319379613 0.010663649293590441 -0.019249486822354406 0.016341129029249012 0.006866182323610931 -0.015214682991341506 -0.009538487384826096 0.032719480049314284 0.021800274303846567 -0.007994729692636385 -0.03096903383537879 -0.0072256070874880274 0.01628425509952531 -0.04903489935156115 -0.03103960359561707 0.010806992874523889 -0.017593414296994844 0.011039441497939785 0.003955237719443567 0.0019168179697155489 0.008257346350953002 -0.028054512934642 -0.0016705601486123075 -0.040717129501748314 -0.03709205202278123 -0.0028998169549842158 -0.021561283476915594 0.014408993344284709 -0.01998480310870733 -0.0038506833773042514 0.04733430785410048 0.006654547064625468 -0.003566570693916648 0.014909939966187146 -6.333586096508799E-4 0.012813186671168566 0.03303782421457563 0.0014530783502011402 -0.00106379624949654 -0.015013578903238992 -0.008028133813475167 0.02441306584134425 0.012700927218844152 0.011546495677027337 0.008257471265452345 8.206313652831419E-4 -0.016651432468951125 -0.01736927404930848 0.0038665425270829157 -0.014438929436368606 0.02528811987646949 -3.94949606977306E-4 0.01632167172898436 -0.012522037479657536 0.016012286074414843 0.023517029406298854 1.1593560019120184E-4 -0.03285431723104049 -0.028812905094655436 0.009198558324600975 4.0096098724837106E-4
PARAM blocks.0.ffn.down.weight 128 0.004958518342546488 -0.01664439881346061 -0.010519375568967206 -0.006035048740996771 0.006013833172873921 0.015796583229392678 0.017963623240298373 0.04104429988195221 -0.009664874060953569 0.0034771865811613735 -0.017423529305917895 -0.011111275733637118 -0.0087681332161566 -0.005068817015042345 0.018835407762674353 -0.0018961623667730235 -0.02551930103853779 0.018315542124160054 -0.0046452991340846985 -0.01350233359857503 -0.0029464141119427277 -0.03448922634894665 -0.012314179961137588 -0.01681721012552807 0.03370623302489417 -0.00953174215963477 -0.010794553454683496 -0.03357291850702576 -0.006465270681394083 -0.0099042630681927 0.0013762112954381189 -0.014129475405972355 0.012908040842102252 0.0036126353464407623 0.013624751923353325 -0.014483165800967175 4.949360115809896E-4 0.032427267853733954 0.025584184068680803 -0.013956659254853324 0.04601350336847697 7.198571980185126E-4 -5.962915973182041E-4 -0.019349035729078205 0.029011801430796264 0.012114058254005099 -0.010737753219615455 0.003252368523139487 -0.0015393455877527923 0.027732912469200028 3.6810856683436977E-4 0.0021082571742856004 0.017879960244780342 2.8600916122853214E-4 0.02225968372725709 -0.013415546401862313 0.017349628803997874 -0.008357003827251066 0.009144981019926182 -0.009578260477437537 0.031855123254483864 -0.0036700864440014276 0.03694576367810888 0.009368585749633137 0.014137965326782223 0.0013012699385459546 0.029581460957662953 -0.0034101930367888083 0.023062300266726742 0.028586555360640108 -0.0035461821490473102 0.03312257627044874 -0.0052319174859292794 -0.006036877524602789 -2.560465133514847E-4 0.002640295261912436 0.005950864046680155 0.023817018159518335 -0.0011484926018235971 -0.014190778984437564 0.005378454632444692 0.014494551635774637 0.019090764017852452 -0.02976251586923241 0.0056287848981161175 0.01364496342132251 0.01782477805079367 -0.002741760581464339 0.019504598315998767 0.013037595425071529 0.014904607251161144 -0.0084943803462193 -0.027913561246038866 0.016113192754498594 -0.004093482734599673 -0.001195339176018149 -0.0016635942774914322 -0.024440307847357397 0.012402468373960597 7.441875685603083E-4 -0.02221849273177466 0.01415989968417868 -0.06499801628013015 -0.01920129397354994 0.0037310095021709823 0.006375772054612184 -0.00860705223475923 -0.004880462805444704 -0.009606028167633266 -0.030935562250884334 -0.006263081518087921 -0.002067475403948413 -0.005572989509627867 8.082205590848757E-4 -0.02481156191731163 -0.009613412996114979 0.03220621004537165 0.011509192532332953 0.013912956291642485 0.03801132799365124 -0.012665778373330334 -0.03144035428525259 0.006161879895425777 -0.03183840370869175 -0.008808622359705583 0.022876251651059998 -0.0027786234888375837 0.025317646516845024
PARAM lmHead.weight 256 -0.008298552106548809 -0.006670381404942962 0.01237675750370078 -0.021727303483829754 -0.02193059601097245 0.0010330114877148472 -0.024247472011931386 -0.021116751999301745 -0.011658575327157084 0.014837253998056237 0.009239168926811866 -0.02539418584599384 -0.0016336878664556754 0.01949467398824068 0.008883835549449893 -0.013387392556874012 -0.01936093307705969 -0.008720240168136191 -0.029474403465775692 0.0016481271269081995 0.018705485490414137 -0.006951851389038012 0.008421065149138592 -0.02467960299297875 0.007025286208151582 0.042001641724227996 -0.005161533170829587 0.03192914858221381 0.016206019171713947 0.004088487717801881 0.025260208132545307 -0.015400542804828905 -0.003971221535755947 0.010516329730479659 0.011540127116916826 0.010955471619084818 -0.00986280429804614 0.007494867685271198 5.80668834450847E-4 0.009001774757618599 0.03776163923729066 0.001957424354292816 -0.0020541395474349563 -0.016996507216160424 -0.025016420837053414 -0.014378246567688675 -0.016446502513519527 0.01638213820834644 0.012044508860284528 -0.023324495041787473 0.008668082816119199 -0.02452817115219756 -0.012591037133708327 0.05110049500977504 0.006020481233697756 -0.008751383759952915 0.008427640056260679 4.906987671024494E-4 -0.004354837818591189 0.00875946675318257 0.0033931349610709025 0.020820719884181535 -0.013446802702024458 -0.011495758789069433 0.00632659583338903 -0.011598982536091498 0.02660149994330964 0.029572154056793535 0.015499327156810136 0.009728207494033756 0.027465530942328432 -2.0602668744077569E-4 -0.009947790242506192 -0.0038012568155147658 0.007033633278117916 -0.028885332097618992 0.0012025166693901519 -0.0029543997103840787 -0.035114483353395474 0.02472580541131778 -0.020958638291102054 0.04017263898615702 -0.013557412290785623 0.00595771546137535 0.013525372193031286 0.0229291779090899 -0.011786690220225094 0.024339589215695515 0.0036914308815250976 -0.011616808531877739 -0.007333736134786428 -0.010249213124002314 -0.009445509033887281 -0.005656017866805636 -0.031098691743581406 -0.0017812607300229369 5.096824475373358E-4 0.018191869204279728 0.026892412711841788 2.574782847806632E-4 -0.006659879406961667 0.013403117872162692 0.013707985180064986 0.004570765517902623 0.013466513352239586 0.03379435005218777 -0.029290773183696696 0.03713276134201569 -0.0044258846560583836 0.030769767667611456 -0.01817500695816417 -0.01371230439858048 -0.020507423067355344 -0.005157771089419937 -0.004877767822968818 -0.016195342633963557 -0.032894070292987666 0.01717132536240172 -0.015589990634521173 0.003115389895813745 -0.01042161310179829 0.012816692934681318 2.503105137781355E-4 -0.03376994050895169 0.014278779726727116 -0.003061845101134117 0.007603573764575416 -0.00528623472428166 -0.03037736780908871 -0.009814816570318845 0.03459299075518335 0.036750033219664024 -0.03902594679148168 -0.022971967191347052 0.00144222540190272 0.017263394993278787 -0.013767946753805403 -0.016620467205183787 -0.021836063915728114 0.045814260234448935 3.5545990926353987E-4 0.02050504064555561 0.018916792245432176 0.004414429039152201 -0.022212703029865326 0.0015026481087341724 0.021613722541924982 -0.022232672372174172 0.03392083919651707 -0.018439295990718026 -0.017035418262214715 -0.01456275551510302 0.013092793315306318 -0.027609962567555574 0.012793437331932882 -0.006593772239807607 0.028792572966916233 -0.008242513983628467 -0.005681196637994834 0.028917343362788794 0.016065709199499362 0.008563802361310536 -0.004296034240497386 -0.008936583090375963 0.008249395027855986 0.006034523180613889 0.0062143636964019176 -0.018303089208019093 0.014672699260727068 -0.021675516985571873 -0.042060584907262555 -0.005330131354371369 -0.004327266861093561 -0.026579854622856537 0.004764172394966289 0.023349899536363426 0.028135354443847852 -0.011664349098710261 0.0033998267964437117 0.007612140958189175 -0.036177462181561176 0.021809650915305984 0.017309576296279574 -0.04315840983352039 -0.025909142609850423 0.013130427230211674 0.016276141517877055 -0.013934408043227582 -0.0257392761858817 5.656139396042091E-4 0.0024237996776138734 -0.02360099726933104 -0.0020858102859987503 0.03901925417241709 -0.001542805994484893 0.004268579257747545 -0.015078570093525215 0.008972532488324124 -0.007527827236599293 0.01803032103798151 0.0030576433387231707 -0.026932817608079605 0.004244110607686586 0.03008810073975327 0.018362126927952506 0.020181782598950967 -9.390713458146066E-4 0.01425197453682823 -0.013118114031423576 -0.019561136833341312 0.0026053978607247313 0.021954658617907807 0.027861211813953908 0.006519899362279342 -0.01283473630154446 0.010274997584138405 -0.020480390514406296 -0.03130161735423254 0.04053964876199305 -0.018661234858629718 0.01684942041000663 -0.011166180104115318 0.017401602818928094 0.013853670194742209 0.006407285448770842 -0.019186214678933302 -0.022466611239696795 -0.01205140395702366 -0.016434825817101012 0.010496102690480355 0.009376456200726059 0.020155371467256464 0.03471749275044125 0.028014359740376193 -0.009142069123109522 0.006506707635387446 0.014089633195744852 -0.0034689545040159837 0.009203200665767922 -0.020824910503681335 0.02016382911296966 -0.032515680246091666 -0.003697525297772433 -0.005976242209421265 0.0136833304177392 -0.010550182577825142 -0.024873462723547523 -0.019888536585091737 -0.026591684862581927 0.012507419728853554 -0.002616697746444288 0.011891131337884187 0.03684196274874489 2.7528160878409485E-4 -0.003743554597632437 -0.015616565662568055
TRACE embedding 32 -0.02475190568744912 0.010877858207814672 -0.00979774918141291 0.011555659631543888 -0.026121206666565186 0.004955274651349158 0.008370883594763045 -0.04033948723262703 0.013848341573618974 -0.020973676650587043 0.0066303203141017805 -0.018655905721453994 0.02126143230667166 0.04818315760191004 0.04618387708654884 0.008542676350331941 -0.008309070030003578 -0.015785999691591737 5.485002873671305E-5 -0.0302718455920437 -0.030557147686426298 0.0250183600026373 -0.06372901124333326 0.04419666202037621 0.0113912165971865 -0.03795432039267052 0.020904512760760226 9.712068068148945E-4 -0.08060644113834747 0.037164598259528114 -5.83353363192787E-4 0.012069612729921774
TRACE norm1 32 -1.2054875374458967 0.5297823395583386 -0.477177987115675 0.5627931783796488 -1.2721763526902874 0.24133583540001718 0.4076856133147748 -1.9646466716519442 0.5051957541835054 -0.7651322244736707 0.24187803671320876 -0.6805785595930623 0.7756297223093085 1.7577503063623807 1.6848153615956811 0.3116419246744299 -0.25028603064825206 -0.4755063067655148 0.0016521940390299677 -0.911849346108609 -0.920443223459601 0.7536037120614311 -1.9196469886082834 1.3312930406217258 0.321536132200956 -1.0713241448142878 0.5900648206707366 0.027413935778170643 -2.275251558337473 1.049032917355158 -0.016466123921632367 0.34068499718467177
TRACE q 32 0.032340506738145494 0.02403133991848176 -0.0553723907118368 -0.030495674110851596 0.0951507074551658 -0.011563162046319962 -0.005246932888688036 -0.002837408606441329 -0.01880034482044289 0.011614321200134474 0.08108747080214286 -0.017950682324973613 -0.09303226651189775 -0.014715476270915975 -0.019945680089260075 0.023734367173214484 -0.02982748992027866 -0.03762935112609102 -0.0013513287730397283 0.02237802148431758 -0.078945552839459 -0.004837769896645278 0.09262333849525436 0.028396045117160675 0.010921960428145899 6.461169654115202E-5 0.0929560954564227 -0.042767133029104454 -0.05162897102927479 -0.08281577002475775 0.06526052618044866 0.0204307301720036
TRACE k 32 0.11433372601544439 0.07627037317167418 0.019696100734754106 -0.025977233367137954 -0.0014122513085189532 -0.07432123530169119 -0.001355344257715078 0.04277822659344583 0.05713784804776145 0.005794732193644602 -0.05613643130625829 0.09097897594793661 0.0022324634076591136 0.07310091912833366 -0.0783557215175407 -0.030629112879746706 -0.09016823538835131 0.0012405322680230993 -0.03194671305396999 0.02767890497911469 0.022870339116841394 -0.019395165610979467 0.029344587189623638 0.019231294404631706 0.03533929486036605 0.052700852047633855 -0.003726666839421543 0.04196886021412288 0.01638800637561326 -0.0050153713554009355 -0.04507020957547929 0.08246230355296173
TRACE v 32 0.032833020886717135 0.010226729519631769 0.035652673356001294 0.002293452177392687 0.042992813922134644 -0.012917185812906486 0.032724714406856814 -0.06019616850952985 0.021564038214373884 -0.01806634406710312 -0.007715629467333883 0.029420728643145138 0.03710943923309651 -0.061649305308233954 -0.04060894940703222 0.015575759278882734 0.0010859606291180914 -0.055818097608739514 0.017652426980981226 0.04067235536196276 -0.10210802044789793 -0.002296870879601752 0.018057250354648245 0.13134400897235032 0.07182251023063708 -0.037701479497208645 0.02120588413090193 0.04908896484603777 -0.06872472207622832 0.0165802074748734 -0.0820674505521411 0.051941583497394826
TRACE masked_scores 32 0.002616031478839497 -1.0E9 -1.0E9 -1.0E9 3.998655977370914E-4 -0.0035960026473028897 -1.0E9 -1.0E9 -0.003444113853450498 9.472882705835895E-5 0.001652690675358781 -1.0E9 0.002097760402254604 -0.004242350855749732 -0.0025690614326991925 -8.759623774166885E-4 3.0537193411141395E-4 -1.0E9 -1.0E9 -1.0E9 0.0011337023572930613 -2.2375521413013318E-4 -1.0E9 -1.0E9 7.801179687714787E-4 -0.004328601336139309 7.762020594858172E-4 -1.0E9 0.003506711668973865 -0.005954239725932899 0.001366703043260078 -8.436422921714625E-4
TRACE probabilities 32 1.0 0.0 0.0 0.0 0.5009989657320563 0.49900103426794373 0.0 0.0 0.3323744411462916 0.33355274569204024 0.3340728131616681 0.0 0.25087463112231884 0.2492890896151379 0.24970657159875767 0.2501297076637857 1.0 0.0 0.0 0.0 0.5003393643407438 0.49966063565925617 0.0 0.0 0.333900921257931 0.33219946500729597 0.33389961373477306 0.0 0.2509973985733131 0.24863392238130874 0.2504608363040484 0.24990784274132974
TRACE joined 32 0.032833020886717135 0.010226729519631769 0.035652673356001294 0.002293452177392687 0.042992813922134644 -0.012917185812906486 0.032724714406856814 -0.06019616850952985 0.027209786878070318 -0.003891543462767982 0.014011845392711657 0.01582999119067561 0.040053123185188264 -0.037266707616964635 -0.003917230669613175 -0.022335918905644358 0.018468391045331913 -0.02127428405284164 0.01517366392916791 0.024163177878620108 -0.0074107525507484465 -0.025559850783953793 0.003465849939356869 0.02893041664024194 0.03184876645173068 -0.025306521301508803 0.016733077651224795 0.030344398471003085 -0.022731157346101125 -0.015002040945934868 -0.017869609691268416 0.03464071983474679
TRACE att_projection 32 -1.2034534430977644E-4 -0.002501669001890261 -9.502454623403862E-4 8.376220173074534E-4 8.099667064037641E-4 -0.0011229099635451582 0.0021205679855953547 0.0010060776545612888 3.620709978918972E-4 -0.0022089408051060013 3.1498273385834605E-4 -5.086967854317447E-4 -0.001430552547860611 -0.0015940074694836166 6.32437846961248E-4 0.0015188547058171014 0.0018402829174692383 1.9712928262232974E-4 8.723718227153968E-4 -4.8657037557689974E-4 -0.0019283590705568652 -5.9085912061601815E-5 -2.1234392246116576E-4 1.2064930458638564E-4 0.0028077892762643593 1.390896091931153E-4 0.0019500734839157428 -5.193250238122462E-4 -0.002903286014781148 5.752153280604436E-4 -6.402364451232486E-4 5.784744377856785E-4
TRACE residual1 32 -0.024872251031758896 0.008376189205924412 -0.010747994643753297 0.012393281648851341 -0.025311239960161422 0.0038323646878039995 0.010491451580358399 -0.03933340957806574 0.01421041257151087 -0.023182617455693045 0.006945303047960126 -0.019164602506885738 0.01983087975881105 0.04658915013242643 0.04681631493351009 0.010061531056149042 -0.00646878711253434 -0.015588870408969408 9.272218514521099E-4 -0.0307584159676206 -0.03248550675698316 0.0249592740905757 -0.06394135516579443 0.0443173113249626 0.014199005873450861 -0.037815230783477406 0.02285458624467597 4.518817830026483E-4 -0.08350972715312863 0.03773981358758856 -0.0012235898083160356 0.012648087167707453
TRACE norm2 32 -1.2286459256659663 0.4137691730163636 -0.5309322349338343 0.6122065503459653 -1.2503312149309198 0.1893121476348949 0.518259453962159 -1.943001996841121 0.5180410071415126 -0.8451229993843005 0.2531912263463398 -0.6986461465614071 0.722935303324867 1.698408834719937 1.706690134207076 0.3667934097960451 -0.19317783230953928 -0.46553150403170657 0.027689689615304273 -0.9185406813569064 -0.970116911813518 0.7453605105498772 -1.9094850658987361 1.3234509014765206 0.38785509850008176 -1.0329476719037651 0.6242879169225304 0.012343445380538406 -2.281122617975213 1.0308876020509339 -0.033423152990975806 0.34549074336544056
TRACE ffn_pre 64 0.0013088819078806658 0.009478190658532018 0.0245054476680816 -0.043489067306389434 0.022048433212683356 0.022735630986673673 -0.02398529978729419 -0.03262289281443659 0.056639516104499105 0.0016077804048069827 -0.14403476227658926 -0.036403964697473694 0.06370445835161127 0.11211259363387235 0.010461392482539581 -0.005855013094595045 -0.11116465731832204 0.03887378848985641 0.03503623131587684 -0.030494149667706607 0.037949837513783814 -0.04881373332534023 0.060517609167035226 0.07698833688889055 -0.03836547040763161 -0.02373125095735606 -0.023286516915544966 -0.08689716959629253 0.04067232163452286 -0.05186638442768504 0.0419018467045607 -0.00634411054992707 -0.03277705434070182 -0.183230670939648 -0.008853245185730246 -0.03076757813076291 -0.05823936635498407 0.011026757753090973 -0.011688524563233101 -0.036614252819608756 0.024728157118052246 0.01974250204385242 0.02860461468288293 -0.0713193996291197 -0.07791961872218381 -0.05415858694048783 0.029770994552251552 -0.039530643449240566 -0.15403201215979487 -0.05891989014841781 0.06635737309402666 -0.012958215373889938 -0.026884315538255182 0.022457972282676632 -0.03294150543418591 -0.0391778816459858 -0.00990062431159008 0.021032127852652117 -0.09189462858191516 -0.10517747065200317 0.039628241277722014 0.02949512402470142 -0.004563499556190946 -0.04853624725503705
TRACE gelu 64 6.551244104282915E-4 0.004774934207867287 0.01249227134736985 -0.020990253472175223 0.011218139986376024 0.011574014462780408 -0.011763162664563547 -0.015886946504150217 0.029598891429690473 8.049214509284775E-4 -0.06376958755032239 -0.017673401962160832 0.03347014008324468 0.061060159262024294 0.0052743559764296425 -0.0029138304143623453 -0.050662551867089185 0.02003961186553825 0.018007731601439262 -0.014876158905181399 0.019549332943457606 -0.023456653991083664 0.03171898746799975 0.04085643536912917 -0.018595673076321085 -0.011640973439071412 -0.011426946917259604 -0.04043993014729987 0.020995923390935832 -0.024860472232669576 0.02165116621852873 -0.0031559988585565463 -0.015960006509488894 -0.07829638827731024 -0.004395353927242222 -0.015006192674128884 -0.027767309583289497 0.005561885035847096 -0.005789759393571663 -0.017772423053171612 0.012607999502438166 0.010026735162694103 0.014628686752946774 -0.03363222456886678 -0.036540105343553723 -0.02590970952367834 0.015239032170198919 -0.0191420690150124 -0.06758823500829134 -0.02807580048284562 0.03493405477855029 -0.006412121039991045 -0.013153850586615261 0.01143017988075372 -0.016037922051000207 -0.01897675914511945 -0.004911207533282019 0.010692523130497268 -0.04258315609942073 -0.04818367921242462 0.020440453854106068 0.015094576208057613 -0.0022734416233647485 -0.023328679140398573
TRACE ffn_out 32 -7.43147309827281E-4 -0.0011639386853532852 -7.899189062717229E-4 0.0019381979040810253 -6.269744627695513E-4 -0.0013884442280255684 -0.004413744093512694 5.171167249124708E-4 -0.0028334134287900854 7.747902763694622E-4 -5.239094352337392E-4 9.312225395216765E-4 0.00182429536704086 -0.00153971953255365 0.001334881845279603 -0.0025816845044519788 -4.4785149146332363E-4 0.001019009457048803 5.903495043712157E-4 0.0023779941345130288 0.003270192136739875 -4.5967490366328E-5 -1.3887281231819902E-4 0.001221365593362589 -0.0020835618071430753 4.1474392776012705E-4 -9.012479412559303E-4 0.003008535719102105 -1.9915847029770652E-4 -0.0042702431353698325 -0.005645929013149952 -0.0042004309193916746
TRACE residual2 32 -0.025615398341586177 0.007212250520571127 -0.01153791355002502 0.014331479552932368 -0.025938214422930973 0.002443920459778431 0.006077707486845705 -0.03881629285315327 0.011376999142720785 -0.022407827179323582 0.006421393612726387 -0.01823337996736406 0.02165517512585191 0.04504943059987278 0.0481511967787897 0.007479846551697063 -0.006916638603997664 -0.014569860951920605 0.0015175713558233256 -0.028380421833107572 -0.029215314620243286 0.02491330660020937 -0.06408022797811262 0.04553867691832519 0.012115444066307785 -0.03740048685571728 0.02195333830342004 0.003460417502104753 -0.08370888562342634 0.033469570452218725 -0.006869518821465987 0.008447656248315779
TRACE final_norm 32 -1.2656165243089854 0.3563459492047732 -0.5700701527351685 0.7080958530533783 -1.2815663589129374 0.12075026422567295 0.300289963196881 -1.917851949528789 0.4194286847564365 -0.8260952966746549 0.23673348688018886 -0.6721985720873455 0.798347745944739 1.6608090752665996 1.775159941652795 0.2757548068697487 -0.20937740606594676 -0.4410523474641979 0.04593924479712156 -0.8591195010592219 -0.884393004002199 0.7541645315200614 -1.9398081470408226 1.3785265639472972 0.33775665732919286 -1.04265789629626 0.6120193467113907 0.09647017823511979 -2.3336522575797383 0.9330710600713802 -0.19150975415343757 0.23550536992960125
TRACE logits 128 0.03379793504480187 0.09380924707706106 -0.009901881944077165 -0.009055591774203006 0.08869169418759476 0.018041461844446747 0.0036031010117036286 -0.024287537128792454 -0.002830548520689466 -0.035116273428644464 0.004537568500372232 0.006041508026265022 -0.033152279453669754 -0.023099018313642493 -0.05155632131111557 0.04035688718514526 0.015476129144608317 0.02932350315463897 0.025251668408889667 0.021775542335131376 -0.12487970651243058 0.07455178781816732 0.05493919882203012 0.07112761001232525 0.009569001164447546 -0.03370270944437608 0.012100478769422413 -0.07699967961885576 -0.10941146381844545 0.010051754209922938 0.006329659604977838 0.006868054984169786 0.0014496313324710462 0.04390227412049561 -0.004573313102004841 0.007415850929532207 -0.0416591959615852 -0.0019601608535088954 -0.012667475709534505 0.0015343692492745219 -0.01911353528863806 -0.10836302017749712 -0.05534796796830857 0.05451979808796953 0.0528184941403289 0.005767028444420469 0.04510233766004311 0.05778349343466479 0.002020519028885415 -0.033275130703211975 0.007053379766422185 0.06546871747186137 0.06378838861163867 -0.021078824231910633 -0.008247162805031207 -0.07000263849417723 -0.07240243940980852 -0.046505735677101104 0.10801618562286872 -0.03182453416083952 0.012468199563775009 -0.04015273176110961 0.0385782062206176 0.010344360992382298 0.05520221140173656 -0.10640336547594997 -0.09137474533016289 -0.06327994380623159 0.06270480855604281 0.007341543490235044 0.025245108983614435 -0.039746996756385815 0.03892949411096899 0.05603723251509526 -0.00878538052990504 -0.1143482124468426 -0.004540692229005994 -0.10642174555188189 0.020766630121522744 -0.03415418279796803 0.10950343019635203 0.0013851407620105588 -0.020786141018445153 -7.624531497996204E-4 -0.06194759979633113 -0.029216715331147808 0.027162135340589304 -0.059548923119179906 -0.024113220836472972 0.0917261460501591 -0.07883639920463327 0.06590705321031616 -0.04436343999567279 0.022087511134205474 -0.03938320793640911 -0.07902020945669928 0.09304796690295764 3.4225182557161195E-4 -0.07870918534487227 -0.0983936909641098 0.10950719842217115 0.0597739589927982 0.015419312523517244 -0.07227437254040454 0.005311502624986535 0.034221184251748 0.015487859523767394 -0.12106943416898178 0.020775267921928 -0.05459822973023769 -0.040448098053998044 -0.003941201067967737 0.051446913214161304 0.027161217405008164 -0.07639735730842764 0.08158905287673744 -0.09047824281885465 0.01970886243025484 0.04035526703862046 0.0030487655221963835 -0.062229843889279976 0.09342522293670813 -0.024715598880675916 8.806587922173645E-4 -0.08822632085564402 -0.002118761083254852 0.015558046397805883 -0.0906509514269571
LOSS 3.4330061146155844
GRAD embedding.weight 256 0.0 0.0 0.0 0.0 0.0 0.0 0.0 0.0 -0.15717797740306666 -0.16234504560357926 -0.2822506689390069 -0.3310570446915687 -0.3635433455300014 -0.02461089786194631 0.125661030349977 0.2965875819252906 0.1942192784914725 -0.09591231063633297 -0.2571852735820265 0.019900660316319416 -0.3227953952448626 0.05719197160217762 0.02774878225505044 0.10400232131939727 0.13340802718125527 0.07828316758343756 -0.1415057216438795 -0.019752557401478393 0.233107353126561 -0.040502999918757644 0.01581167616926388 0.23087549937595883 0.003779010308307639 -0.1000555141786082 -0.021684816165352293 -0.07665842812957802 0.028491943987112987 -0.012782549690392418 -0.042861323171632985 -0.06399099515743219 0.0 0.0 0.0 0.0 0.0 0.0 0.0 0.0 0.0 0.0 0.0 0.0 0.0 0.0 0.0 0.0 0.0 0.0 0.0 0.0 0.0 0.0 0.0 0.0 0.0 0.0 0.0 0.0 0.0 0.0 0.0 0.0 0.0 0.0 0.0 0.0 0.0 0.0 0.0 0.0 0.0 0.0 0.0 0.0 0.0 0.0 0.0 0.0 0.0 0.0 0.0 0.0 0.0 0.0 0.0 0.0 0.0 0.0 0.0 0.0 0.0 0.0 0.0 0.0 0.0 0.0 0.0 0.0 0.0 0.0 0.0 0.0 0.0 0.0 0.0 0.0 0.0 0.0 0.0 0.0 0.0 0.0 0.0 0.0 0.0 0.0 0.0 0.0 0.0 0.0 0.0 0.0 0.0 0.0 0.0 0.0 0.0 0.0 0.0 0.0 0.0 0.0 0.0 0.0 0.0 0.0 0.0 0.0 0.0 0.0 0.0 0.0 0.0 0.0 0.0 0.0 0.0 0.0 0.0 0.0 0.0 0.0 0.0 0.0 0.0 0.0 0.0 0.0 0.0 0.0 0.0 0.0 0.0 0.0 0.0 0.0 0.0 0.0 0.0 0.0 0.0 0.0 0.0 0.0 0.0 0.0 0.0 0.0 0.0 0.0 0.0 0.0 0.0 0.0 0.0 0.0 0.0 0.0 0.0 0.0 0.0 0.0 0.0 0.0 0.0 0.0 0.0 0.0 0.0 0.0 0.0 0.0 0.0 0.0 0.0 0.0 0.0 0.0 0.0 0.0 0.0 0.0 0.0 0.0 0.0 0.0 0.0 0.0 0.0 0.0 0.0 0.0 0.0 0.0 0.0 0.0 0.0 0.0 0.0 0.0 0.0 0.0 0.0 0.0 0.0 0.0 0.0 0.0 0.0 0.0 0.0 0.0 0.0 0.0 0.0 0.0
GRAD position.weight 32 -0.15717797740306666 -0.16234504560357926 -0.2822506689390069 -0.3310570446915687 -0.3635433455300014 -0.02461089786194631 0.125661030349977 0.2965875819252906 0.1942192784914725 -0.09591231063633297 -0.2571852735820265 0.019900660316319416 -0.3227953952448626 0.05719197160217762 0.02774878225505044 0.10400232131939727 0.13340802718125527 0.07828316758343756 -0.1415057216438795 -0.019752557401478393 0.233107353126561 -0.040502999918757644 0.01581167616926388 0.23087549937595883 0.003779010308307639 -0.1000555141786082 -0.021684816165352293 -0.07665842812957802 0.028491943987112987 -0.012782549690392418 -0.042861323171632985 -0.06399099515743219
GRAD blocks.0.attention.q.weight 64 5.9376790749598595E-6 3.167373722043425E-6 2.688380733199853E-6 -3.3790536279288296E-6 9.368684605862702E-7 1.4582192562270119E-5 -5.594287640242445E-6 -7.934746923518904E-6 -3.687465781013015E-6 -2.9090416445128665E-6 -2.7358664060304947E-6 3.453647970786943E-6 1.508284375544828E-6 -1.2285454769089992E-5 9.348236930863857E-6 8.981250889620635E-6 4.142618517171329E-6 1.7815795827280175E-6 1.3015721576330068E-6 -1.229736277505479E-6 -1.1563108515072134E-7 5.686696039211078E-6 -2.6630800526034267E-6 -4.285921015503009E-6 7.4034681095203406E-6 4.791450301142792E-7 -9.085487520767308E-7 2.684297714134538E-6 2.4648903061332896E-6 -4.956146466209186E-6 9.336722094548836E-6 2.8314950091822475E-6 -1.5310819772419564E-6 2.4173507809001767E-6 3.5753322127303125E-6 -7.263026498637716E-6 4.282426772788776E-6 2.7868977630288133E-5 -8.991009886794177E-6 -7.83721107961889E-6 3.7067293825015118E-6 5.647626221029E-6 6.1315298953291225E-6 -9.100484862405557E-6 -1.8094888650726157E-6 3.1780430126999275E-5 -2.159627526006532E-5 -1.8765159020413998E-5 2.451934528512768E-5 1.2435913540928404E-5 1.0460780212849864E-5 -1.3530566254037933E-5 6.98623510528636E-6 6.0976320303629974E-5 -1.768262611910652E-5 -2.9414275728663788E-5 -1.0642782072992083E-5 -2.648566878209835E-6 -1.169394158059345E-6 4.335251292457125E-7 -4.144704117573164E-6 -8.284314281460727E-6 -5.31908351472773E-6 2.6563854804026565E-6
GRAD blocks.0.attention.k.weight 64 7.674249138196537E-7 -2.290558463468675E-6 -6.75859455142165E-6 2.091716327389507E-6 -9.934028609783012E-6 -1.4600411693903197E-6 -2.2758950767246496E-5 9.505386486378423E-7 -8.064873990773456E-8 2.292896461428614E-6 5.624525454682258E-6 -2.1403430402542813E-6 4.0514177346595854E-6 -1.838785558628969E-7 2.136000896030935E-5 5.531137576157835E-7 2.2363921314675474E-7 -1.115735485540359E-6 -2.655710095197939E-6 8.825359957252978E-7 -2.7013902065059983E-6 5.799862502283756E-7 -1.1360869569675702E-5 -1.5648519235427494E-7 1.0522636777621432E-6 3.211886948861459E-6 8.249345254419316E-6 -3.948748553649172E-6 7.491097179837923E-7 2.498692794345383E-6 2.402631373867942E-5 1.5939305302214647E-6 2.123114736579228E-6 -1.1749809191079267E-6 -8.35603024273194E-6 1.7199780630802513E-6 -2.4352792202282784E-5 -9.746717040427215E-6 -1.2198297897909632E-5 5.788980102768968E-6 1.2707827815772876E-6 -1.3679828090927597E-6 -5.408034919585294E-6 1.2031431986750859E-6 -1.2947429706149642E-5 -2.8725753605361797E-6 -1.5237387725287789E-5 2.3632008772194067E-6 6.368085527332723E-6 4.314630597485609E-6 3.8891131995959934E-6 -6.0289301768612235E-6 -3.9196153976922814E-5 -6.023279791809007E-6 2.047056026102924E-5 1.2210289217629922E-5 -2.9349179495889207E-6 -7.060851578766467E-6 -1.5765391025513268E-5 8.216572483107917E-6 6.619723487486529E-6 -7.856398834935792E-7 -5.3555672642416536E-5 -5.869467093176611E-6
GRAD blocks.0.attention.v.weight 64 -0.03195922805294741 -0.024738678424307124 0.01853471367232717 -0.0035148238865125 -0.013840733830125247 0.02504622323059605 0.0073937919488313575 -0.0070566750191632535 0.008702426182590855 0.008971350883247542 -0.0065217084347244285 0.0010247981877589717 0.004009448270839846 -0.00997812574548624 -0.005069711093467261 0.0028625499825287015 -0.011830517501166107 -0.009272065705701531 0.006643602441094219 -0.0014821282578848542 -0.004993713022534468 0.009790885968386712 0.003396246447422682 -0.0027009009094742394 0.012264017008792653 0.011406583189456912 -0.008023689656880637 0.001027591758279247 0.005495644213532404 -0.011062563222595351 -0.005569826140498531 0.005199131937536444 -0.03397524646944841 -0.02778675928382495 0.023708518513541405 -0.0023721182480640275 -0.01623404430322001 0.026236967259032667 0.0050540291402710776 -0.006541494899991814 0.023615053057795612 0.010239948865273588 -0.005284723049161366 0.0033630321493257637 0.008074336414817205 -0.008460759251181012 9.18452236859244E-4 0.00467225697940182 0.029704690557905318 0.014605808102842224 -0.0038699504971349383 0.004660576361838503 0.008944314154534528 -0.012196284272255697 -0.006283458807004072 0.01266161649450569 -0.058769477101853304 -0.04310279224513004 0.028600053102161554 -0.006857363996983552 -0.023777224399347468 0.0420530254661997 0.015470827404654912 -0.0177683126810718
GRAD blocks.0.attention.out.weight 64 0.0032570048150004 -0.008548789854988205 -0.019903182791334257 -0.013091917693671132 -0.015563565560609147 -8.92913283705044E-4 0.002075112805237574 0.014719680826671688 -0.005235688360071602 1.0133059352723491E-4 0.0015084684227828701 -0.001046958517222741 -0.008256367158750015 5.850396271853785E-4 0.001456174531369252 -6.043423221146209E-4 -2.6771675779556847E-4 -0.006361947121959591 -0.016556704282647074 -0.013056029330699763 -0.013652452898539228 -0.001407340032473957 0.002570868064633994 0.014397443429517966 0.0061912714542626986 -0.003090275512273941 -0.008764399815761739 -0.003277036237609796 6.560681853044483E-4 -5.766896828822688E-4 -3.766649655906613E-4 0.005895318305354684 5.664306062603394E-4 -0.007374406743754079 -0.021381735720874064 -0.011411777061369184 -0.030994297585887183 0.0012029235621067392 0.0051804177412431264 0.01671775292463085 -0.008993231163842505 0.004772444131886515 0.01724245727818373 0.005173784620695939 0.010173802197933436 -3.6419144378737136E-4 -0.0016833805353658306 -0.012617075989128576 -0.005121620509832569 -0.0016464325981010127 -0.008707304302864375 -0.009544264223013306 -0.010635535510201388 -0.0013713044993907604 0.003238383307314041 0.011225166384841351 0.008370545466744936 0.008224003829953508 0.01863976235429668 0.0160717543385295 0.03715034907180967 -5.816349587167048E-4 -0.006213866285316961 -0.015787594217995585
GRAD blocks.0.ffn.up.weight 128 -0.010500473446760175 -0.007181755305708816 -0.0028182236048011175 -0.0018654028750355136 0.0026099240578301196 0.006344292659153262 0.004752282483074813 0.0017007394913716072 0.002504710520458064 0.0035826928858334528 -0.0015550971641214268 -4.8652330287386275E-4 0.004409466342502161 -0.0029025840251264445 -0.009072355982518559 -0.013731132127968242 -0.0013556979437858926 9.024551290358066E-4 0.00475224754660475 -0.0050594711995401226 2.0051940992630996E-4 -0.007170308364739194 0.002497002912407477 -6.376458169954013E-4 -5.016356826508576E-4 -3.960744238820527E-5 0.0025997392893785136 -3.6692212756310157E-4 -0.002404305493400169 -2.694377309259374E-4 -0.001337596710519219 0.0014659109765547773 -0.0040294899816806515 -0.0030773652029987835 -0.0013198217498042871 4.927435284167666E-4 9.284097934092486E-4 0.004147014893327771 0.0014624546561215262 0.0012121720430573809 0.0011094948142904635 0.0015990901734518888 -7.764041944448799E-4 -6.826728164978864E-4 0.002665151857941735 -0.0010868673173317492 -0.0031282324514435578 -0.005151576946539346 -0.0017198466596276935 0.002936747974719857 0.006226540791968985 -0.0013229056130982426 3.2094815847833114E-4 -0.010028793460878616 -0.001548273150157888 -0.004292853419540514 -0.005538286935653228 7.212707277162177E-4 0.0020829638401868296 9.401725108296951E-4 0.0034042500444679165 7.954885697819575E-4 -0.004828757122264271 0.0065300003246696525 -0.012921102619256965 -0.006423074078661553 -0.003617046481576109 -0.007830211186164155 0.0038583645917294293 -0.0025810028356614534 0.006141398747695035 -0.003186808465346184 4.5270831696658754E-4 0.0031586574889917863 -0.002103528786023411 0.003889357241397882 0.001473240967641589 -0.0034027734309603685 -0.014993404683861964 -0.01739145604815071 0.011522880609163372 0.0054673448322296505 -0.00875123931593172 0.01182898311595053 -0.002188328861562937 0.0057598164816281645 -0.01085205303464295 -0.0037227554483668652 -0.0037184920755874867 -0.003192696128784545 -0.005237143768692538 0.004024906200154108 0.0019244260731711622 0.0033773449609337215 0.0073718240640287215 0.008745618884452785 0.0012992184980313115 0.009166018607039837 -0.0022079308080732683 0.009035594565023269 0.0010176631528047428 -0.016136579006155168 -0.015226473940594563 -0.018799064953392588 -0.0187792451315931 8.272973650333044E-5 -0.005329092001128796 0.011810569365995331 0.013867172017078471 0.00396679823824825 -0.01442147710697691 0.012965886594735286 -0.009795368566661463 -0.013402197857957605 -0.006889147641740917 -0.004722905850526011 0.00196951209835539 0.020980891291033688 0.012429152700790622 0.01292411277698324 0.014770385182240995 0.002991346529371616 -0.001002173341425345 -0.006109443650606842 -0.004138820764278319 -0.005229603393055433 6.459189381220945E-4 -0.0245367129630596
GRAD blocks.0.ffn.down.weight 128 -0.012112963351333605 0.010759617873693781 0.016335961377756832 0.005417932138216386 0.010482437489730134 -0.0017825424094723634 0.0022346905604838417 -0.004476372183377557 -0.008131302554202125 -0.004012681382469618 0.0022657309394106782 0.0011049492558669733 -0.027436528624706136 0.004302639863732958 0.0013656655320946078 -0.01163615217000739 0.0010386507430044636 -0.007180072968876473 -0.008782835727822064 -0.007068836601049866 -0.010784981315508356 9.93623593252611E-4 -5.465507910534183E-4 0.0026422602269702803 -0.0018936764678046658 0.004076213177459727 0.011827756435457942 0.00765040771190475 0.009410610123646607 -5.694493970309457E-4 -0.0014211260449414637 -0.01098096338892674 -0.0019340130819682257 -0.003577336201182163 -0.005184331859821671 -0.002535235280060397 -0.017604876890757643 0.002441285290118346 0.0014554545917688307 3.774176455313132E-4 -0.005303768894651667 -1.3569593339831125E-4 0.001827227059837751 -0.004894244473559242 0.004645961713405 -0.0016444718609284576 -1.1937644531576552E-4 0.0015244301069844773 0.006848362817740777 -1.839298066428647E-4 -0.003789928325728988 0.005350256448520839 -0.007428968435972306 0.0022155022355578955 4.540619739128557E-4 -4.426657905170046E-4 0.007464408134561443 -8.712629093727705E-4 -0.0036214772815531013 0.007046407403880381 -0.011637862102045433 0.003178311409466038 3.832943387513339E-4 -0.0031545696789016236 -0.006060064700520129 -9.841028312053295E-4 -0.005121698964081394 -0.009629541123236864 -0.0028601736067745257 -0.001187366099681247 0.0019426926643752417 0.010211574893287653 -8.623695429963957E-4 4.8373037451794804E-4 0.0014843701812162825 -0.0012171865230454495 0.0060929386842116335 -0.0011799257334455015 -5.601679631313981E-4 4.922104323988768E-4 0.009141998012873102 0.014742952629493392 0.021364168363446397 0.024921013335458264 0.03105732108395499 -0.0014283773229026822 -0.0022521835031635864 -0.015091379104958638 -0.009967403797001576 0.009302741059233014 0.020483041956487508 0.010064811042268518 0.010836220663015206 -9.829388557541596E-4 1.7891417904180272E-4 -0.014132836934625616 -0.00607861613677654 -0.010568816954983781 -0.012046585555321506 -0.012774023265735561 -0.027942075431816153 0.002686932631282038 0.0013036030268971668 0.003375424509134174 -0.017278312624685856 -0.008715402623239013 -0.009246156059899195 -0.021710027446847177 -0.021663679807187794 -1.3649910866543334E-4 0.002676286421624587 0.009602086448139402 0.005483364234571518 -0.0017358077289074969 -0.008753475408232306 -0.0016338252457640343 -0.005594982458384432 9.046112837728242E-4 9.139310385635538E-4 0.007452155698860237 -0.0029550452919957226 0.002006284605784724 0.0042632960969123035 0.0030037055947700125 -0.002960532108212611 7.016776237075617E-4 7.008459249788397E-4 -0.003935571877355035
GRAD lmHead.weight 256 -0.005747386489798882 -0.006232002263288308 0.31085172449998416 -0.11046935134150242 0.04591905431686173 -0.09005199300706986 -0.005656123113989721 -0.005457382921731247 -0.005663967741839696 -0.005577586761144301 -0.0057433983117712705 -0.0055781830503657485 -0.00501653655192107 -0.005308351138579649 -0.005072332018815335 -0.005744052120106289 -0.005776752400150426 -0.005907699194186041 -0.005967955151623853 -0.005347000433290414 -0.004336693657374293 -0.006308318267643543 -0.006097674671578793 -0.006421696147908938 -0.0060220724376592785 -0.005299905024235757 -0.005264223428166587 -0.005061384937142635 -0.004668782580814913 -0.005849122407953095 -0.005406638060693695 -0.005716213184499832 -0.016253615316892137 -0.015011046760453266 -0.1035039500344529 0.1920881452973713 0.09426678999827155 0.24485414868254987 -0.015468701727196395 -0.01471337331528862 -0.015411309556335809 -0.015263206690938707 -0.015081178310952001 -0.01437780783618607 -0.015939536964041618 -0.014657271952997111 -0.015528823641767203 -0.01546347271783532 -0.016148835928955167 -0.015280307223926284 -0.014644449106455487 -0.016411748746479875 -0.015176026612079901 -0.015057058410791047 -0.015567070566203402 -0.014526895741745309 -0.014289819914527078 -0.016279019508723545 -0.01558081841730819 -0.015591806743581075 -0.014869218078460495 -0.015122382382078954 -0.015573146483766814 -0.014417185287772964 0.002918601749236127 0.0021908937950065217 0.1447366693501876 -0.05702291172983953 -0.008812739189534359 -0.1502113169120603 0.002623932749928405 0.0023393485088760726 0.0025968203830130836 0.0027308344437019546 0.0025314522290171243 0.002068735064973825 0.0029232788165505248 0.002399253849454004 0.0027044863605187796 0.002475351579302825 0.002809482983847922 0.0025196091945472628 0.002118009413739848 0.0030147451321650373 0.002784158012435471 0.0022825903012588617 0.002521437671703076 0.002121082446465415 0.002109062964371246 0.0031477358346349085 0.0025910898986955607 0.002879083366565399 0.0026406040682673384 0.0024596872320283114 0.0026850421400425946 0.002123888290899107 -0.005896504898833107 -0.004774720617121733 -0.18228556186895553 0.1625394922735064 0.20938629891782515 -0.029777159632586467 -0.005842726779249354 -0.005695297913146751 -0.005948592147537324 -0.005783323963946669 -0.005388176588249759 -0.005380001073958582 -0.006184242010958408 -0.005277750734637346 -0.006458092943427864 -0.005626867750618341 -0.006437215937460435 -0.0054197878385516115 -0.005579066934856491 -0.005930776372414423 -0.006416707627207913 -0.005020408332962486 -0.005568336761372837 -0.0046112864615879 -0.005231500481930724 -0.006289169155655626 -0.005801694036544531 -0.006472741486072049 -0.0061729342973743115 -0.005657989692931237 -0.005664014426451479 -0.0053331424247302995 -0.03157078902004591 -0.029055752206361512 0.293404725385261 -0.22635905070339252 0.18829295012124314 0.5529855177823607 -0.029631563944387106 -0.027255166777406237 -0.029518546431267376 -0.030390005916049057 -0.029659327301910815 -0.025920884537083747 -0.028743763579384556 -0.027110982657834994 -0.02768576854193796 -0.028787198610895223 -0.03097278097828057 -0.030068491812021318 -0.027773363515782 -0.030404063462809758 -0.025468196946697965 -0.03011893296513987 -0.03061502707905276 -0.02986184883569433 -0.028312775345618428 -0.031471936530965396 -0.027487626972835563 -0.029002195948666494 -0.026091757840277986 -0.029516972001325328 -0.028889495791342267 -0.026938927034397774 0.02828553229003282 0.027256653932827755 -0.004149035433243452 -0.388984374899942 -0.1605673829890422 -0.2055990518139933 0.027288346689327482 0.02643618252959007 0.0272095008128456 0.026417332022527273 0.026550675014467947 0.026434240294967503 0.027980736601886543 0.026244393216775616 0.02756706868556183 0.027762335645281647 0.028299162371446234 0.026995712275768934 0.02663617183656154 0.028697363583973103 0.0269332625588109 0.026958500359161197 0.027594260140792363 0.026052923491481226 0.02570196464318951 0.027851862259197273 0.028040541804428325 0.027118864045789504 0.026369792146840744 0.0267989946061285 0.027582118558760645 0.026235352717798834 -0.0015645840727222752 0.001749891878061857 -0.07435452744284275 -0.443275362725066 0.48278927196829524 0.04703895727385919 -0.0012295160762908091 1.9086232669211344E-5 -0.0015336878903409181 -0.0030871327390794485 -0.0012727560172447494 0.001969741224650058 6.45134535266613E-5 0.0010059600819470966 -3.888993839138489E-4 7.923680323496797E-4 -0.00243731586392876 -0.0010946835625652344 -6.459402318475496E-5 2.239870094134721E-4 0.0010404742314387842 -3.448509559030224E-4 -0.0011141358040326996 -5.307329843569366E-4 -0.0011371635914593544 -0.002974988064390827 0.0021586698737392444 -0.002301005412047593 7.547764180865701E-5 -0.001508965192621488 4.7965715190693915E-4 8.068457483252967E-4 2.610439723473657E-4 -0.0024978037437069864 0.4784811938087549 -0.06965717804832487 -0.34521211076577496 -0.058985769292144205 1.986043969004652E-4 -2.1979134689740078E-4 4.160600677859691E-4 9.585632577242631E-4 -2.7784665497655107E-4 -0.0013855926782406303 5.650255264258125E-4 -8.726116227481184E-4 9.76693094201931E-4 -8.87357657237199E-4 0.0011022540869878722 -4.7616615744868287E-4 -7.542050456922275E-4 -6.179031169648843E-5 0.001051475455302908 -0.0015044831090644038 -5.120315376079983E-4 -0.0018973732803573467 -6.925533382292639E-4 0.0015967004749953277 -8.350178369464166E-4 0.0017546282185758168 9.169207574768066E-4 -2.374087957550397E-5 -4.2957830953943544E-4 -0.0010961615012706426
ADAM_PARAM embedding.weight 256 -0.031525803458975085 0.03016973861934308 -0.01031560032667789 -0.0046562062162639264 0.00458906652358702 0.02260338056080539 0.012078873162808522 0.03346079682556961 -0.01720785793058651 0.02468744807074988 -0.0042920498243034285 0.017886653638353376 0.008897687092423633 -0.00928512354130537 -0.009292439525391646 -0.02305219401393509 -0.012386459896099052 -0.018567209513504285 0.009771360638396087 -0.004579819884768985 -6.396946860322578E-4 0.017630003183113706 0.002385007498794698 0.010436756190100266 -0.011139714445511602 -0.0111436901952431 -0.021788083211775267 0.01820146649676805 -0.03163643976418168 0.05014137130468839 -0.03780736234219209 0.017964763587162372 0.013910938818041778 -0.014051090515745816 0.0076085113685949 0.005515361597964783 -0.03865274877638466 0.02993113957523158 -1.471044803333758E-4 0.003572460752085595 -0.020813092725725436 -0.006187889414946297 0.0024354619522109692 0.0054821674126755895 0.0066149353798967995 -0.009038056684554801 0.02255235071864161 -0.01674026308778166 -0.007760469710844804 -0.004166337152015418 9.191016928782032E-4 -0.0241521149665102 0.029535811513172278 -0.010029237286085214 0.03543687246285121 -0.0024723917051330973 0.029584709250955164 0.04481138163817944 0.002833159335871962 -0.011009569783373477 0.01834856429509278 0.020936997781662497 0.0018389287084942007 0.009033951102213732 -0.0038482537250760594 -0.00571159710190231 0.006037878460060441 -0.006331695016941098 -0.0128441648208727 -0.004919004975324028 0.015587163846659669 -0.003247342360009869 -0.017471552673269074 -0.007213294707873484 -0.0034806267572481298 -0.013158259234799822 -0.018290244913572853 0.014026237229653257 0.005795175936074064 0.017943813975996776 -0.012953503455453699 0.019306407570774675 0.012110446209631075 -0.033717254695831166 0.01314597531917456 0.014218512990920642 0.02074633981583162 0.022559961478708847 -0.04392266094122204 -0.021868795950250642 -0.02566360758212235 0.00491030349961854 0.016317252585472543 0.005443110394434357 0.0070397667624840675 0.0016894291422640622 0.023657350416575785 -0.008828253552335472 0.003548168530015859 -0.01868259111644754 -0.0026911306002482768 0.029013350398439292 0.008123143424573345 0.0051542337459877016 0.012061608372034884 0.005990782178815705 0.020150596470169854 -0.013856884880412333 0.06511303357909007 0.0022713832468388784 -0.012499339346847367 -0.008103744437630891 -0.016963281392029284 -0.04392953778857986 0.01601753133823286 -4.363296316047288E-4 -0.0075562455081008145 -0.012431477549624623 0.031324398295935044 -0.01617850645257908 -0.011683036589103895 0.001541968198873337 2.071571267065773E-5 0.020150412350307054 0.029897674186003902 0.007624237773750435 -0.0025597357460747107 0.0019351832009160057 0.03152088087719694 0.01392885828856761 -0.01673127831634273 0.0032959907867662103 0.003979706906852977 -0.016177631957641242 0.007175069819114451 0.013984876665639367 0.007173224895643266 0.023142622075892513 -0.0045585390043537625 -0.0027158430624508543 -0.018946162985001323 -0.007245663601976771 0.00430042123293153 0.020445521673289384 0.0011563390054335834 0.005351739513807432 0.014391498772874186 -0.022601751207776768 0.010693178452760422 0.006761175245246365 -0.0230077788077153 0.0024106425795786036 -0.0039145675865685185 -0.017778714463116563 0.020502100405648906 -0.0012197406717181784 0.012611076839460434 0.0038340200393846965 -0.01715357470049405 -0.03129451556009212 0.003910912414259094 0.040336638720800254 0.015453495967490615 -0.0023258562573616154 -0.03229204579311891 -0.02751373234495377 0.026225217447382737 0.003305616039925417 0.020163400151409286 -0.014594457098297804 -0.04007456341537485 -0.0034696458260144946 -0.0048582115538920246 0.0025930953035843574 0.05182826660789443 -0.008578890028111014 -0.04548254691530557 0.012939656470707644 -0.003515052361772517 0.03245060232651364 -0.020817534777432072 0.021891275340968377 0.015111121907607588 -0.008164615723085893 0.006870118115590498 -0.01149850326604719 -0.0010878515115365917 -0.016605304563751866 0.0069424243901880225 -0.01601840120981868 0.0287409239727075 -0.018969062515381017 0.0030379344946550304 -0.003205589215606146 -0.02378843926766496 0.019950073932503296 -0.02258190389331213 0.00292287973148106 0.0032280148403731773 0.0017074130211209117 -0.024923485778301245 -0.00786997799568489 -0.004414949302937601 -0.021403092029877818 -0.013591107482855502 -0.005135212601832408 -3.12285377457546E-4 0.04883293877355262 -0.004765278926791064 0.003103136195427484 -0.001642111681194019 0.029339182733111032 -0.022609738344988042 0.010969738548653619 -0.023079539119525698 0.023329758654898655 0.006675959364417861 0.028904362047418905 -0.014447515855229439 0.008731780503773394 -0.01906333916091358 -0.006180132669640005 0.028225674133592185 -0.010552981178580466 0.025357133544529755 0.011439697676986979 5.312908180886851E-5 0.02246213316526236 0.03784637264081509 0.012168305330418312 -0.004835243804235012 -0.03710730532421213 -0.015402215574111476 -0.01292313217826286 0.04391013561607565 0.0071916658152936875 0.0036946989790693704 0.018457107012194465 0.016993521263442002 -8.068366138479637E-4 -0.01271392446092546 0.007798328876261838 -0.0013916586400355927 0.052038235758802925 0.016711510836598435 0.0211732270790942 -0.018672446339018066 0.002361914105822295 -8.279469188502981E-4 -0.026126662449815208 -0.03722020587469166 -0.028263410533114694 0.0012116685818821908 -0.04251437547178955 0.020152372427448148 0.007471649028055049
ADAM_M embedding.weight 256 0.0 0.0 0.0 0.0 0.0 0.0 0.0 0.0 -0.022001273219939547 -0.022724542987777395 -0.03950855066618663 -0.04634031186803421 -0.0508876409052226 -0.0034449551838942436 0.017589631241653948 0.04151538613355518 0.027186196700524818 -0.013425500100782594 -0.03599997636890743 0.002785631117734497 -0.04518387246267004 0.008005550230359329 0.0038841862581574576 0.014557914058075662 0.01867403121126212 0.010957828742819288 -0.01980752071957228 -0.0027649001428999573 0.03262962566672101 -0.005669481069568654 0.002213268125808027 0.03231721787928636 5.289738401508542E-4 -0.014005452551154565 -0.003035371577244696 -0.01073040288312705 0.003988211673065186 -0.001789260638369114 -0.005999591655572636 -0.008957255916737768 0.0 0.0 0.0 0.0 0.0 0.0 0.0 0.0 0.0 0.0 0.0 0.0 0.0 0.0 0.0 0.0 0.0 0.0 0.0 0.0 0.0 0.0 0.0 0.0 0.0 0.0 0.0 0.0 0.0 0.0 0.0 0.0 0.0 0.0 0.0 0.0 0.0 0.0 0.0 0.0 0.0 0.0 0.0 0.0 0.0 0.0 0.0 0.0 0.0 0.0 0.0 0.0 0.0 0.0 0.0 0.0 0.0 0.0 0.0 0.0 0.0 0.0 0.0 0.0 0.0 0.0 0.0 0.0 0.0 0.0 0.0 0.0 0.0 0.0 0.0 0.0 0.0 0.0 0.0 0.0 0.0 0.0 0.0 0.0 0.0 0.0 0.0 0.0 0.0 0.0 0.0 0.0 0.0 0.0 0.0 0.0 0.0 0.0 0.0 0.0 0.0 0.0 0.0 0.0 0.0 0.0 0.0 0.0 0.0 0.0 0.0 0.0 0.0 0.0 0.0 0.0 0.0 0.0 0.0 0.0 0.0 0.0 0.0 0.0 0.0 0.0 0.0 0.0 0.0 0.0 0.0 0.0 0.0 0.0 0.0 0.0 0.0 0.0 0.0 0.0 0.0 0.0 0.0 0.0 0.0 0.0 0.0 0.0 0.0 0.0 0.0 0.0 0.0 0.0 0.0 0.0 0.0 0.0 0.0 0.0 0.0 0.0 0.0 0.0 0.0 0.0 0.0 0.0 0.0 0.0 0.0 0.0 0.0 0.0 0.0 0.0 0.0 0.0 0.0 0.0 0.0 0.0 0.0 0.0 0.0 0.0 0.0 0.0 0.0 0.0 0.0 0.0 0.0 0.0 0.0 0.0 0.0 0.0 0.0 0.0 0.0 0.0 0.0 0.0 0.0 0.0 0.0 0.0 0.0 0.0 0.0 0.0 0.0 0.0 0.0 0.0
ADAM_V embedding.weight 256 0.0 0.0 0.0 0.0 0.0 0.0 0.0 0.0 1.9753494449713614E-5 2.1073594638592536E-5 6.369869026056645E-5 8.763270361232071E-5 1.0567516679045716E-4 4.843011039634348E-7 1.262588343929933E-5 7.033418661407654E-5 3.0160963825860956E-5 7.35545004770531E-6 5.288746336226765E-5 3.166616836622691E-7 8.331346641193154E-5 2.6153551974752685E-6 6.156705796818735E-7 8.648615875527927E-6 1.4230641132772981E-5 4.90001402912011E-6 1.6010634521256044E-5 3.119659594354218E-7 4.344827004983645E-5 1.3117012280716923E-6 1.9990164378642712E-7 4.262027411200829E-5 1.1418700869193734E-8 8.004654641646215E-6 3.759863102011093E-7 4.69872862033616E-6 6.490896836413602E-7 1.306458209529928E-7 1.4688981739879602E-6 3.274147732268914E-6 0.0 0.0 0.0 0.0 0.0 0.0 0.0 0.0 0.0 0.0 0.0 0.0 0.0 0.0 0.0 0.0 0.0 0.0 0.0 0.0 0.0 0.0 0.0 0.0 0.0 0.0 0.0 0.0 0.0 0.0 0.0 0.0 0.0 0.0 0.0 0.0 0.0 0.0 0.0 0.0 0.0 0.0 0.0 0.0 0.0 0.0 0.0 0.0 0.0 0.0 0.0 0.0 0.0 0.0 0.0 0.0 0.0 0.0 0.0 0.0 0.0 0.0 0.0 0.0 0.0 0.0 0.0 0.0 0.0 0.0 0.0 0.0 0.0 0.0 0.0 0.0 0.0 0.0 0.0 0.0 0.0 0.0 0.0 0.0 0.0 0.0 0.0 0.0 0.0 0.0 0.0 0.0 0.0 0.0 0.0 0.0 0.0 0.0 0.0 0.0 0.0 0.0 0.0 0.0 0.0 0.0 0.0 0.0 0.0 0.0 0.0 0.0 0.0 0.0 0.0 0.0 0.0 0.0 0.0 0.0 0.0 0.0 0.0 0.0 0.0 0.0 0.0 0.0 0.0 0.0 0.0 0.0 0.0 0.0 0.0 0.0 0.0 0.0 0.0 0.0 0.0 0.0 0.0 0.0 0.0 0.0 0.0 0.0 0.0 0.0 0.0 0.0 0.0 0.0 0.0 0.0 0.0 0.0 0.0 0.0 0.0 0.0 0.0 0.0 0.0 0.0 0.0 0.0 0.0 0.0 0.0 0.0 0.0 0.0 0.0 0.0 0.0 0.0 0.0 0.0 0.0 0.0 0.0 0.0 0.0 0.0 0.0 0.0 0.0 0.0 0.0 0.0 0.0 0.0 0.0 0.0 0.0 0.0 0.0 0.0 0.0 0.0 0.0 0.0 0.0 0.0 0.0 0.0 0.0 0.0 0.0 0.0 0.0 0.0 0.0 0.0
ADAM_PARAM position.weight 32 -0.0015433659459582014 -0.007809976910736814 4.945341610742965E-4 -3.3140102381063434E-4 -0.02901817044994945 0.02024018481620717 0.01166313292035697 -0.023286022654718682 0.020234446621516917 0.0035941008560089536 0.0028587003166229323 -0.020075460328276812 0.02790042879645382 0.024551770969393066 0.03779754827125691 -0.007894275000789146 -0.0031690454443647057 -0.010641774437438257 0.02784287077433557 -0.04247246982312434 -0.004919730718865996 -0.019123824713103005 -0.031919669703602965 0.02023063304954449 -0.008519973215840535 -0.017902152419463774 0.01929530890647213 0.001455754557832239 -0.047951210116138766 0.013232274670250208 0.00556370590761034 0.014496728078005752
ADAM_M position.weight 32 -0.022001273219939547 -0.022724542987777395 -0.03950855066618663 -0.04634031186803421 -0.0508876409052226 -0.0034449551838942436 0.017589631241653948 0.04151538613355518 0.027186196700524818 -0.013425500100782594 -0.03599997636890743 0.002785631117734497 -0.04518387246267004 0.008005550230359329 0.0038841862581574576 0.014557914058075662 0.01867403121126212 0.010957828742819288 -0.01980752071957228 -0.0027649001428999573 0.03262962566672101 -0.005669481069568654 0.002213268125808027 0.03231721787928636 5.289738401508542E-4 -0.014005452551154565 -0.003035371577244696 -0.01073040288312705 0.003988211673065186 -0.001789260638369114 -0.005999591655572636 -0.008957255916737768
ADAM_V position.weight 32 1.9753494449713614E-5 2.1073594638592536E-5 6.369869026056645E-5 8.763270361232071E-5 1.0567516679045716E-4 4.843011039634348E-7 1.262588343929933E-5 7.033418661407654E-5 3.0160963825860956E-5 7.35545004770531E-6 5.288746336226765E-5 3.166616836622691E-7 8.331346641193154E-5 2.6153551974752685E-6 6.156705796818735E-7 8.648615875527927E-6 1.4230641132772981E-5 4.90001402912011E-6 1.6010634521256044E-5 3.119659594354218E-7 4.344827004983645E-5 1.3117012280716923E-6 1.9990164378642712E-7 4.262027411200829E-5 1.1418700869193734E-8 8.004654641646215E-6 3.759863102011093E-7 4.69872862033616E-6 6.490896836413602E-7 1.306458209529928E-7 1.4688981739879602E-6 3.274147732268914E-6
ADAM_PARAM blocks.0.attention.q.weight 64 -0.02510191304240174 0.009436110443696596 0.03168233078658907 -0.01366180406643625 -0.029776045327711553 -0.0213558811710426 0.012595196685713975 0.011762713758263548 -0.005674178232532131 -0.025881404037648027 0.004376929420290127 -0.028637478601200424 7.596326856742721E-4 0.02960571978168303 0.010291541658365022 0.018112814051382115 0.013289626064540684 0.01101332827759705 0.013806262379147756 0.004384100725507853 0.023369539745394508 -0.014966688692164425 -5.495616415938065E-4 0.006699842496383462 -0.012555085169242025 0.01610593910136463 0.0227636754464732 -0.004218626184987178 -0.0016585322807633606 -0.006568782114279016 -0.014543541512581045 -0.007874860875283185 -0.00932965427781434 0.015075303384763539 -0.02049522777508979 0.027590175637845996 -0.0044781839176350115 0.01471362033090742 -0.022160104880983158 -0.0024513978940119384 -0.028846532472578415 0.007105228823966902 0.019818017467138547 -0.005634815350349559 -0.036416434286600775 -0.007839672075543811 0.019358591886444013 0.02588592879068849 0.015590060848955959 -0.018836990625821934 0.020094011192522708 -0.01679509882863802 -0.001883338927034748 -0.0017352126822607612 -0.017546147063196706 -7.698680379953119E-4 -2.8614420611575847E-4 -0.03634776779600143 0.03078443029041674 -0.00585243099911013 -0.03629002196651537 0.015689549500535704 0.014931386887728389 0.002026956118133131
ADAM_M blocks.0.attention.q.weight 64 8.311374263679829E-7 4.433588967087359E-7 3.7631098203199903E-7 -4.729891764814098E-7 1.3113986649442998E-7 2.0411689220656406E-6 -7.830705858256164E-7 -1.1106806301988213E-6 -5.161597284662745E-7 -4.0719839437163474E-7 -3.829578754406123E-7 4.834306552750617E-7 2.1112484832802167E-7 -1.7196788727775333E-6 1.3085364644516161E-6 1.2571669259532883E-6 5.798705604191657E-7 2.4937984194915747E-7 1.8218992971334222E-7 -1.7213457175675277E-7 -1.618567142262691E-8 7.960056195187425E-7 -3.7276947325545504E-7 -5.999295882231063E-7 1.036313912062647E-6 6.706919693009578E-8 -1.2717576379555363E-7 3.7573945401323693E-7 3.450275030791995E-7 -6.93745614511125E-7 1.3069246542983398E-6 3.9634366307031015E-7 -2.1431598408371117E-7 3.383730715826181E-7 5.004636283275896E-7 -1.0166553421819994E-6 5.994404752447943E-7 3.901010824385309E-6 -1.2585329593296886E-6 -1.0970278730770104E-6 5.188561861160736E-7 7.905367506690503E-7 8.58272047472799E-7 -1.2738569181244732E-6 -2.5328649449922364E-7 4.448523500708103E-6 -3.0229779030128153E-6 -2.6266872588964005E-6 3.4321399454629028E-6 1.74073961297948E-6 1.4642667335414942E-6 -1.893965617156328E-6 9.779109635440531E-7 8.535271321798645E-6 -2.4751577474167916E-6 -4.11731673587716E-6 -1.4897427748908346E-6 -3.707379652770618E-7 -1.636880738532957E-7 6.068346834483716E-8 -5.801624961281406E-7 -1.159611956825629E-6 -7.445483878895992E-7 3.718323883373685E-7
ADAM_V blocks.0.attention.q.weight 64 2.8189929154745673E-14 8.02156600680277E-15 5.778858911752627E-15 9.129578173516739E-15 7.018071371092834E-16 1.7002242289572846E-13 2.5023619527623692E-14 5.0341563787545406E-14 1.0872177662288502E-14 6.766442877274393E-15 5.984809296436752E-15 9.537107521532204E-15 1.818976160639801E-15 1.2068214413544513E-13 6.987470140153176E-14 6.449621074824793E-14 1.3721779212862808E-14 2.5378794949054927E-15 1.3545562444487615E-15 1.209162063146897E-15 1.069078869162295E-17 2.585714516009155E-14 5.670599641752638E-15 1.4687533473940615E-14 4.382591205698844E-14 1.8356696119729514E-16 6.600198777240418E-16 5.761318782079865E-15 4.857980157589579E-15 1.9640331222481642E-14 6.970266891701538E-14 6.410503532883626E-15 1.8743790935519465E-15 4.672398690191937E-15 1.0220999016495622E-14 4.217895349593988E-14 1.4663594215273676E-14 6.210157530186633E-13 6.463644963213316E-14 4.911154880694492E-14 1.0986068539356533E-14 2.550306834548851E-14 3.006064141730018E-14 6.622006552101191E-14 2.618016460781814E-15 8.075698276767632E-13 3.729222118231015E-13 2.815561649455194E-13 4.807046042604977E-13 1.236562098495619E-13 8.749610045812337E-14 1.46383621502157E-13 3.902536164555184E-14 2.9729182594382124E-12 2.500080953768903E-13 6.917941118937518E-13 9.05671876029174E-14 5.608961128297185E-15 1.0934083414254459E-15 1.5027581628203358E-16 1.373559914439736E-14 5.487489163093572E-14 2.2622164774085046E-14 5.642125452190062E-15
ADAM_PARAM blocks.0.attention.k.weight 64 -0.005123261055362491 -0.012155387722856204 0.01304826911380981 0.004885929662330814 -0.003578340815935737 0.015980708093421832 -0.0019372767239849782 -0.01744832348652897 -0.03508640299400892 -0.010899899761931738 -0.0016456128180675255 -0.012060322733083585 -0.005036225148750233 -0.014797243270115987 0.015128785430503515 -0.017160940373103156 0.004648708789083102 -0.013535612518103708 -0.0019499132339514233 0.0010992510674948954 -0.0038781134891077485 -0.013082037271962174 -0.011065635454313421 0.018258496255404193 0.005083584841161926 0.02507317630053178 0.018061672996718625 -0.0027675228907827146 0.031253334486381734 0.016076928265831573 2.2031263456321321E-4 0.0019206278013854134 -0.00157466990214068 -0.012831089663889971 -0.004918304259978685 0.003846310505594665 0.006856971052832791 0.021314071146416497 0.00534784141374295 -0.03530414629794375 0.012265191839867726 0.026059932597441996 -0.015212647782877852 0.03132046351939945 0.025248110841803006 0.013129925675712797 -0.009056686217614232 -0.013906048320401822 0.011753424147474531 -6.208149068974672E-4 -0.005701920035257681 0.005626724433926132 -0.0073798296893645065 0.0198586352784228 -0.025939165171045445 0.0024180429971144305 -0.05945479596118693 -0.0030929281948403483 -0.003285564580279671 -9.290690976173149E-4 0.010744192553901266 0.028859734535402918 0.00817658841616643 0.004591046316938012
ADAM_M blocks.0.attention.k.weight 64 1.0742169789751561E-7 -3.2062508637444774E-7 -9.460465630455508E-7 2.927917967762777E-7 -1.390533719988357E-6 -2.0437191781480275E-7 -3.185725521491368E-6 1.3305337592660267E-7 -1.1288954030778174E-8 3.2095235189061076E-7 7.873031788902171E-7 -2.995984093386848E-7 5.671045650356802E-7 -2.5738735245670486E-8 2.9899060980470017E-6 7.742310407650558E-8 3.130430555494632E-8 -1.5617710358751826E-7 -3.717378500651296E-7 1.2353458092027105E-7 -3.7813200671615067E-7 8.118463009840048E-8 -1.5902583781031358E-6 -2.1904299372884184E-8 1.472925218683444E-7 4.4958971658125065E-7 1.1547171036732654E-6 -5.52733259716711E-7 1.0485799505364874E-7 3.49759067837543E-7 3.3631269581559055E-6 2.231133245790281E-7 2.9718684620157354E-7 -1.6447009089076626E-7 -1.1696505289222297E-6 2.4075705721221925E-7 -3.4088263748098283E-6 -1.3643144424359785E-6 -1.707478931236634E-6 8.103230173219471E-7 1.778801308085236E-7 -1.914858814212161E-7 -7.569995225453792E-7 1.6841215718714362E-7 -1.8123400184140684E-6 -4.0209395995694853E-7 -2.1328810565014243E-6 3.307933403416511E-7 8.913843522461338E-7 6.039482641703709E-7 5.443856925844071E-7 -8.439104652995379E-7 -5.486552932321126E-6 -8.431195423764563E-7 2.865403898875683E-6 1.709157438021062E-6 -4.1082047723150533E-7 -9.883555401117637E-7 -2.206789278640589E-6 1.1501296754106682E-6 9.266078333299675E-7 -1.0997137140210119E-7 -7.496552670746218E-6 -8.215893301723035E-7
ADAM_V blocks.0.attention.k.weight 64 4.709039475693278E-16 4.195109536910918E-15 3.6523579214017375E-14 3.498373025921508E-15 7.890624121102297E-14 1.7044754360562694E-15 4.1415700906028834E-13 7.224372031571201E-16 5.2006271063605464E-18 4.203677895537964E-15 2.529486209925994E-14 3.662918979498957E-15 1.312425296356885E-14 2.7034772009456777E-17 3.64807202373729E-13 2.4461859339778576E-16 3.999046500119889E-17 9.953665334512338E-16 5.639256799535014E-15 6.227667233859058E-16 5.834923748993812E-15 2.6896510465671614E-16 1.0320094894100007E-13 1.9579745344645168E-17 8.85339216910203E-16 8.248615203469113E-15 5.441260313925153E-14 1.2467503608829525E-14 4.486951808639891E-16 4.992134430611827E-15 4.615670844873835E-13 2.0314181169491417E-15 3.604188299738149E-15 1.1038807779151812E-15 5.582909002365293E-14 2.3654096196216256E-15 4.741961995225263E-13 7.595865379254873E-14 1.1897590398324444E-13 2.6795672221939017E-14 1.291228747265207E-15 1.4963108412122935E-15 2.338511539356317E-14 1.157431195978691E-15 1.3403791591324514E-13 6.597864693062894E-15 1.8564428327400178E-13 4.465414942135232E-15 3.242487556900856E-14 1.4884963734417245E-14 1.2093770181243794E-14 2.9063040779548175E-14 1.2284216248486583E-12 2.900858985271999E-14 3.350580071500166E-13 1.192099332471439E-13 6.887355045793118E-15 3.986343401961462E-14 1.987330220738706E-13 5.3981124150927153E-14 3.5038075226877155E-14 4.935232168719793E-16 2.2933561243485666E-12 2.754595839225492E-14
ADAM_PARAM blocks.0.attention.v.weight 64 0.006893955789443523 9.619183881647823E-4 0.004079811564428025 0.002830044942070064 -0.012581932893053772 0.00869355215586362 -0.02750961346599045 -0.004600919999131084 -0.0035101783715418638 -0.007691469428752268 -0.012340899146569924 -0.04366288213864452 0.007495441965193572 0.019719114163400452 0.07225030693020508 -0.005079188349692969 0.0018039497222122644 0.02283161171043086 0.008403524898577708 -0.02760010330302085 0.006842317864002119 0.003917573509625503 -0.026384883183894734 0.006875569386748656 -0.004304590188431192 0.029700215643483185 -9.147853281435858E-4 -0.010642403100602875 0.011205627365598433 0.03282569161741592 -0.005304249879861187 -0.03960421590159622 -0.025182534621684734 0.023878814170694262 -2.189349743623578E-4 -0.004802611984674301 0.026318382577746567 -0.017666556358257066 -8.140919121567057E-4 -0.008718070684204505 0.002546285174463354 -0.004804281202954139 0.016376199770162733 0.003239604417931012 5.53625857814692E-4 -0.010021683454195136 0.008610899758908445 0.01047462532629868 0.014627692880801244 -0.00968728277510528 -0.02247128740817383 -0.005298486683628005 0.022131248554559113 -0.0013959366704050604 8.923774341892309E-4 -0.02172987943331406 0.0062667919915395266 -0.012798387410320463 -0.038961776834192115 0.0015566581259699526 -0.012803403820794243 0.014757161435223876 0.016930968266344496 0.031671272790017836
ADAM_M blocks.0.attention.v.weight 64 -0.004473551065542173 -0.0034628415004835486 0.0025944302522260534 -4.919938653290147E-4 -0.0019373818876683461 0.0035058906440234494 0.0010349594738738132 -9.877709185861028E-4 0.0012181379305355618 0.001255781154557751 -9.1288799807623E-4 1.434479899583193E-4 5.612298130147622E-4 -0.001396706296750403 -7.096420297323119E-4 4.006906394388961E-4 -0.0016559982013825915 -0.0012978742586898235 9.29950333285809E-4 -2.0746359819286922E-4 -6.990040615486846E-4 0.0013704970684496516 4.7539577265572834E-4 -3.780635164743287E-4 0.001716678083294692 0.0015966572251636226 -0.001123130551046203 1.43839025072088E-4 7.692627927857985E-4 -0.0015485024046913746 -7.796465429149788E-4 7.277579477366477E-4 -0.004755746909582874 -0.003889502161822555 0.0033186429935969032 -3.320415655421378E-4 -0.0022723898734478692 0.0036725672048081946 7.07446919815566E-4 -9.156576445343227E-4 0.003305559996459103 0.001433355464075965 -7.397387192363929E-4 4.7074654087839814E-4 0.0011302199230910478 -0.0011843101623327842 1.28562022087775E-4 6.540076673335744E-4 0.004157968079728467 0.0020444745503028017 -5.417033584594621E-4 6.523726516485899E-4 0.001251996639289031 -0.0017071970703238847 -8.795385731718592E-4 0.0017723327943541649 -0.008226364431418292 -0.00603339172825426 0.004003344443043832 -9.598719958033271E-4 -0.0033282602249063544 0.005886448714340584 0.0021655572001380136 -0.0024871518797515077
ADAM_V blocks.0.attention.v.weight 64 8.166822271386788E-7 4.893431727497222E-7 2.7468333120551993E-7 9.877969509287109E-9 1.5317178611005688E-7 5.015855735515473E-7 4.37114280236777E-8 3.981628878067943E-8 6.055377728019741E-8 6.435410114907314E-8 3.4008172968345824E-8 8.397253042456241E-10 1.2853747733821835E-8 7.960832536998425E-8 2.0550716347115527E-8 6.551891548171206E-9 1.1190977629863755E-7 6.874063569140488E-8 3.5291312878033435E-8 1.7564351429421742E-9 1.9939198850194942E-8 7.664865314341583E-8 9.222718162279592E-9 5.832810205898084E-9 1.2026133795906473E-7 1.0403313531177271E-7 5.147647361553089E-8 8.443096784538669E-10 2.414892266072048E-8 9.78525334727551E-8 2.480526214636143E-8 2.1613356656659398E-8 9.229661529002314E-7 6.173569484006705E-7 4.494375729671975E-7 4.499178377076564E-9 2.1072399759521486E-7 5.504118933514855E-7 2.0423775413157124E-8 3.4214843447738657E-8 4.4590094656429635E-7 8.384093612611457E-8 2.233083734300539E-8 9.043209269100255E-9 5.2128379377040425E-8 5.7237310395050023E-8 6.744871736157779E-10 1.745476418393741E-8 7.055220768939011E-7 1.7057356397411836E-7 1.1974885303244951E-8 1.736759964076277E-8 6.396680103912395E-8 1.1893662749388551E-7 3.156880100181892E-8 1.281854856604818E-7 2.761621760778155E-6 1.4854955432834113E-6 6.54024807880171E-7 3.75988835063746E-8 4.5204623443339804E-7 1.4140183169423713E-6 1.9137606700461017E-7 2.5243694709167924E-7
ADAM_PARAM blocks.0.attention.out.weight 64 0.026524969059638408 -0.06338321472520601 0.023072329486260087 -0.01046169458928837 -0.031515439275266365 0.007368613140424182 0.0040969589386079044 0.01744717528488552 -0.007663500888344812 -0.02594054907070209 -0.022161481545547333 -0.02249897249202442 -0.006962230879223426 -0.004354887428313265 0.024188054965755046 -0.013129484890203004 0.02060596311830043 0.03939858269219096 -0.0015297868388229909 0.032036340985041316 -0.004116085779918989 -0.0028270089368139626 -1.860984821628592E-4 -0.014700378886293037 0.014053325253390259 0.02019262520533489 0.0061127869318753 -0.015502025784555366 -0.009173368566482534 0.02618454625086534 0.01969710969140107 -0.007577877942416386 -0.013252527587387413 -0.018049338806740662 -0.01501602312737859 4.2991373494905965E-4 -0.0013344616448087972 -0.014809103197582772 -0.007571344835934226 -0.008569300452302177 0.009172124759434151 0.007244269696358327 -0.009375097516748136 0.012167392991161138 0.016482597357792395 0.03954009926338218 -0.0015935834644560417 -0.015624377961718772 -6.977190301197051E-4 -0.002884535518768804 -0.022077297238278556 0.0032666932723332165 0.031255007251084495 0.010776551255047706 0.01838134809423931 -0.023014763512489236 0.013711698797244763 2.344057166293183E-4 -0.00721819229185248 -0.017041518920902894 -0.03333917443840049 0.00919069543660607 -0.012089642450571847 -0.02326670018709154
ADAM_M blocks.0.attention.out.weight 64 4.559051719422645E-4 -0.0011966324061870339 -0.002785984205761897 -0.0018325649872232008 -0.0021785383921648725 -1.249871606766507E-4 2.904676885690495E-4 0.002060414091901852 -7.328749994599758E-4 1.4183934101749265E-5 2.1115061067486211E-4 -1.4654992237424534E-4 -0.0011557000075015022 8.189198572767706E-5 2.0383067812620458E-4 -8.459391555293717E-5 -3.7474140023523186E-5 -8.905251177911521E-4 -0.0023175547908351845 -0.0018275414483522009 -0.0019110269218749769 -1.9699498033631018E-4 3.598619325491214E-4 0.002015308326236726 8.666344808263732E-4 -4.3256693459080666E-4 -0.0012268128025395982 -4.5870910674976757E-4 9.183433731799293E-5 -8.072318708922093E-5 -5.2724363535279725E-5 8.252079006081471E-4 7.928715418262266E-5 -0.0010322459945405348 -0.0029929473408678246 -0.0015973842468297575 -0.004338483168659937 1.6838141315907352E-4 7.25138394078154E-4 0.00234009786736873 -0.0012588438866239886 6.68031546196012E-4 0.0024135443134481634 7.242099109670293E-4 0.001424096464025295 -5.0978359637384406E-5 -2.3563425171667298E-4 -0.0017660981561157356 -7.169081446869025E-4 -2.304623970070794E-4 -0.0012188207542918584 -0.001335975741151844 -0.0014887284240861116 -1.9195084106127388E-4 4.5329859254008675E-4 0.0015712630780255676 0.0011716823237998264 0.0011511698916995107 0.0026091346325189673 0.002249673040511064 0.005200187670369302 -8.141541106728104E-5 -8.697972333925829E-4 -0.002209897210885484
ADAM_V blocks.0.attention.out.weight 64 8.481981953993446E-9 5.8434566402873335E-8 3.1674196459726865E-7 1.370462244820518E-7 1.9367730880380245E-7 6.374984171351298E-10 3.443055027098072E-9 1.732436515970524E-7 2.1918363234591642E-8 8.209972754081185E-12 1.8194201060513485E-9 8.76434554013809E-10 5.450527539300136E-8 2.7367246896943505E-10 1.6954594401911005E-9 2.9202938971715034E-10 5.7307525528077434E-11 3.2362394906517817E-8 2.191837368228102E-7 1.362958953855095E-7 1.4903281911641135E-7 1.5836478884179004E-9 5.284697364729268E-9 1.6574151506536526E-7 3.0649277040847023E-8 7.63580702004754E-9 6.141930602166939E-8 8.586635559506391E-9 3.4415849905255065E-10 2.6591626773812345E-10 1.1344124855229263E-10 2.7789137054352747E-8 2.565393361083678E-10 4.3482521342124895E-8 3.6554972170860334E-7 1.0412789774649031E-7 7.681112747383444E-7 1.1570086510770267E-9 2.1458042788806334E-8 2.234685174298076E-7 6.4668391138016E-8 1.8211354529011208E-8 2.3771624427324163E-7 2.1403127271186205E-8 8.276126540191781E-8 1.060522824211914E-10 2.2658186403777693E-9 1.272852208183141E-7 2.097371367286373E-8 2.167446843947658E-9 6.062168280263726E-8 7.283589322213758E-8 9.044389702476866E-8 1.5035862477548567E-9 8.385269925982614E-9 1.0075024641529545E-7 5.6023219429891216E-8 5.4078813026781316E-8 2.7780578489973426E-7 2.0653188739625128E-7 1.1035355810475549E-6 2.704964352167653E-10 3.087339219942201E-8 1.9929318765588689E-7
ADAM_PARAM blocks.0.ffn.up.weight 128 -0.019480798897589708 0.021888105743704343 0.016010465437659323 0.04221755802093067 0.0017216737412154921 -0.004211230329091395 -0.002950818462213581 0.012472530155159194 -0.02968804251606797 -0.016449510772714362 0.018974639135092453 0.025329581004575417 -8.565804824039111E-4 0.007564685366100379 1.1345583721307723E-4 -0.012786795542844545 0.05174129852312988 -0.016922005796068423 -0.01295905145484099 0.0019290711056723251 0.010745497511269317 0.01993082758911976 -0.016228344923176086 0.0313690318364452 -0.016758626099666947 0.008177195176722264 -0.014790513191890751 0.02250104864230007 -0.016283713891091612 -0.008692321861441388 0.015450416513680827 -0.016823769473733048 -0.009072745151023657 0.014195209059671449 0.024217529851865423 -0.01611557746527927 0.0032397238835949324 -0.02994888029536542 -0.0197613053144425 -0.02376109521936886 -0.036437800801437575 0.006344689485450033 -4.4683454925641705E-5 -0.007191564555868702 0.022244918940808708 -0.03306562203688141 -0.03597503027826296 0.004843541908991116 -0.02933747978411505 0.029779323333618476 -0.005273850988852687 0.024938421285612092 -0.001470392519174657 0.04314747329271736 -0.020993983254147155 -0.021110819606337913 -0.03705970270989179 0.009992753776354623 -0.03411875261405346 0.023489156305135508 -8.348970911962227E-5 0.007134606020654372 -0.027714491469343128 4.147906669447341E-4 0.01917142717003551 0.024343101091079636 -0.011416996005639881 0.00504995631353051 0.007663374440265489 -0.016248961846317043 0.013340678257355326 0.00986592811513544 -0.018214068265447206 -0.012538152845572888 0.035718440864115235 0.018799665235161425 -0.010994420430160504 -0.027968151842023906 -0.0042254241950723135 0.019283733237263692 -0.05203339327895284 -0.03403863179380122 0.013806632031267009 -0.02059285158993862 0.014039053777328392 9.551591470999914E-4 0.004916725113835508 0.011257053031748787 -0.02505371692684858 0.00132944177623425 -0.03771594909004057 -0.04009089484225206 -0.005899669781080849 -0.024560589448000162 0.01140859895739651 -0.022984166929631573 -0.0068504931545694155 0.04433292417545042 0.009654291125157814 -0.006566427270016852 0.01190957974366204 0.002366626791716996 0.01581276846507763 0.03603680000032359 0.004453001665588907 -0.004063032449637349 -0.012013169398990773 -0.011027858054308748 0.021412367644929493 0.009700590836314764 0.01454611525836741 0.005257258023167653 0.0038205708173198326 -0.013650967264518471 -0.01436879140689265 0.0068663842345051945 -0.017438436783433934 0.02228739400861243 -0.003394903085792544 0.013321216577583728 -0.015521627890170767 0.013011855126571327 0.02651623594918131 0.0031158926156180525 -0.029853375644309177 -0.025812081822098962 0.006198402286939464 0.0034009165915567276
ADAM_M blocks.0.ffn.up.weight 128 -0.0014698228661414465 -0.0010052792591576337 -3.944859741076078E-4 -2.611131597251126E-4 3.653288662212638E-4 8.880539022546575E-4 6.652093827390205E-4 2.3806410315137244E-4 3.50601409993584E-4 5.014939519308101E-4 -2.1767755353951473E-4 -6.81019840772325E-5 6.172230700407572E-4 -4.062944773546425E-4 -0.0012699195270090649 -0.001922040190094881 -1.897662850594852E-4 1.2632279782896094E-4 6.652044924430904E-4 -7.082086819583013E-4 2.8068069055097337E-5 -0.0010036769527787994 3.495225235401828E-4 -8.925563281229548E-5 -7.021736691884083E-5 -5.544123775630905E-6 3.639032347359382E-4 -5.136059206472397E-5 -3.365470337415514E-4 -3.77150363670887E-5 -1.8723253201533783E-4 2.0519355474707103E-4 -5.640351879361664E-4 -4.307597905722254E-4 -1.8474444956495713E-4 6.897267145927031E-5 1.2995584917398217E-4 5.804859511666079E-4 2.0470975000900257E-4 1.6967598609878427E-4 1.553035542804632E-4 2.2383555502317523E-4 -1.0867858903212732E-4 -9.55583689506276E-5 3.73059477975326E-4 -1.5213622924487388E-4 -4.378800261769252E-4 -7.211013513916274E-4 -2.407386637749863E-4 4.110766383271647E-4 8.715713705101769E-4 -1.8517611893762798E-4 4.49253021370184E-5 -0.0014037986023532365 -2.167223497752909E-4 -6.008999640850442E-4 -7.752317853617517E-4 1.0096118176489218E-4 2.91566651463418E-4 1.3160235693576952E-4 4.7651609070692034E-4 1.1134995917545329E-4 -6.759140594310286E-4 9.140486704503675E-4 -0.0018086548365496558 -8.990814747167446E-4 -5.0630265896795E-4 -0.001096048050261164 5.400816002810037E-4 -3.612805655540802E-4 8.596534580295267E-4 -4.46079310245213E-4 6.336866993127854E-5 4.421388261365971E-4 -2.9444526715487467E-4 5.44419852779424E-4 2.062195835792598E-4 -4.763093990459346E-4 -0.0020987290865872427 -0.002434400687233098 0.001612936167977439 7.653015354246577E-4 -0.001224970637643121 0.0016557834230217147 -3.063153119400433E-4 8.062407864178288E-4 -0.0015190358583135404 -5.210994638294661E-4 -5.20502690471599E-4 -4.469034466418931E-4 -7.33078722928396E-4 5.633935647812419E-4 2.693750392196358E-4 4.7275000271150645E-4 0.0010318844792492957 0.0012241839075259311 1.8186047193039314E-4 0.0012830301232047698 -3.090591300495644E-4 0.001264773780743403 1.4244925046532245E-4 -0.002258746991247602 -0.0021313533796419393 -0.0026314333035240512 -0.0026286589879247176 1.158024531360248E-5 -7.459493439743261E-4 0.00165320592488577 0.001941082620965773 5.552597971423686E-4 -0.002018672483945017 0.0018149235549582586 -0.0013711245282949018 -0.001875997017473141 -9.643209692777665E-4 -6.610973351756998E-4 2.7568603758510986E-4 0.002936838412853097 0.0017397932520863998 0.0018090761888514546 0.0020675115262800826 4.1871917030368133E-4 -1.4028103594879686E-4 -8.551804852032882E-4 -5.793389630516373E-4 -7.320232451361892E-4 9.041367798692745E-5 -0.0034345710177650754
ADAM_V blocks.0.ffn.up.weight 128 8.816136485209269E-8 4.124029381540661E-8 6.350551454511324E-9 2.7823119848372705E-9 5.4464846530853285E-9 3.218303222136111E-8 1.805780831670264E-8 2.3127896508856293E-9 5.016208996932887E-9 1.0263127060010898E-8 1.9336399119894547E-9 1.8926392209993562E-10 1.554649912966001E-8 6.736435321616845E-9 6.581133618982798E-8 1.5075552424097425E-7 1.4695569384708901E-9 6.511960807138372E-10 1.8057542813225965E-8 2.0467782771902328E-8 3.214943750439396E-11 4.110893345282364E-8 4.985384288998E-9 3.2510194889464754E-10 2.0120435922268157E-10 1.2543367346650731E-12 5.404059700802671E-9 1.076485908195105E-10 4.62210535405096E-9 5.804667767366907E-11 1.4305759742856177E-9 1.7182079989227211E-9 1.2982570917424373E-8 7.572139745972395E-9 1.3928075261877361E-9 1.9413435674473473E-10 6.891915894924035E-10 1.3750919291006926E-8 1.7101151796282823E-9 1.17486798579743E-9 9.842628566292936E-10 2.0445910337941618E-9 4.819880699600465E-10 3.7263681806191646E-10 5.679426224761661E-9 9.445253141328717E-10 7.824535708406176E-9 2.1219782348371053E-8 2.3650482067359332E-9 6.895946742437544E-9 3.099946639280431E-8 1.3993239304956136E-9 8.23626514654436E-11 8.041886094973266E-8 1.9167069064183673E-9 1.4735085569266187E-8 2.4525137336456816E-8 4.1596535154179495E-10 3.4691573972460432E-9 7.067659867277995E-10 9.266237910993796E-9 5.059742675578175E-10 1.864366395640315E-8 3.4094705905766156E-8 1.3349336920252166E-7 3.298727223743512E-8 1.0460892098813989E-8 4.9023858917767825E-8 1.1903291515223369E-8 5.32644572818636E-9 3.015748601607731E-8 8.120307346307923E-9 1.6386925882245255E-10 7.977477975440886E-9 3.537997013952459E-9 1.2095287996701914E-8 1.7354340617825465E-9 9.258201083839872E-9 1.79746759303238E-7 2.418423921813656E-7 1.0616531853088077E-7 2.3900857106195294E-8 6.123499177063477E-8 1.1188074940765263E-7 3.8290031127689175E-9 2.6526370752823E-8 9.416388276549182E-8 1.108127056005655E-8 1.105590411534711E-8 8.150339776310784E-9 2.1930550594264368E-8 1.295305084348723E-8 2.9611677277187033E-9 9.120347503282401E-9 4.34520696014053E-8 6.11563614090805E-8 1.3496617302557848E-9 6.717721760906975E-8 3.897906897794501E-9 6.527907831962037E-8 8.280730354885031E-10 2.082013207804478E-7 1.8537844293669562E-7 2.8257454682582043E-7 2.8197902520412186E-7 5.472475489537846E-12 2.270737743898206E-8 1.1153269908949839E-7 1.53757514015653E-7 1.2581741737642856E-8 1.6629532211648182E-7 1.3442033717465E-7 7.671885389417291E-8 1.4361922977138763E-7 3.794823028670636E-8 1.7835246629528386E-8 3.101543301248204E-9 3.519722383281651E-7 1.2352179389192233E-7 1.33555574869533E-7 1.744392396178295E-7 7.1547422942826856E-9 8.030567463982167E-10 2.9844469944097185E-8 1.3696631814116711E-8 2.186744537823459E-8 3.3359273126051184E-10 4.813858361169562E-7
ADAM_PARAM blocks.0.ffn.down.weight 128 0.007958334793690017 -0.01964386408859479 -0.013519026435585373 -0.009034826971440452 0.0030136883003130583 0.0187960467541528 0.014963140327048693 0.0440430255905288 -0.006664621260338427 0.00647703779254899 -0.020422950971267888 -0.01411085983579887 -0.0057679022915918835 -0.008068621453415602 0.015834915234444483 0.0011038595262567665 -0.02851844954915639 0.02131495457439374 -0.0016451963893409898 -0.010501966748905998 5.363889439662828E-5 -0.03748810323055559 -0.009313946802847 -0.019816653633173656 0.03670516117768547 -0.012531411961764325 -0.01379419471090367 -0.03657187373784857 -0.009465040553519384 -0.006904097933780162 0.004376099140841949 -0.01112908681503544 0.015907593574088955 0.006612480732977852 0.016624301981948652 -0.011482784219362881 0.003494887864640497 0.029426348836075 0.022583486455580677 -0.016956056678147965 0.04901208202652883 0.0037193776444766585 -0.0035962119230624786 -0.01634849713075925 0.02601097358658405 0.015113629517794663 -0.007737947543283255 2.523390522643243E-4 -0.004539260927043958 0.030731734748316187 0.003368052198915326 -8.91765217295115E-4 0.020879386033351037 -0.002713943203804891 0.01925917385094797 -0.010415305139786031 0.014349146101205756 -0.005356849780448722 0.012144660635642308 -0.012577934890055188 0.03485413261980373 -0.006669928068719732 0.033944836838199495 0.012368256283550823 0.017137501608061597 0.004301141883404136 0.03258053218277365 -4.1012676339697283E-4 0.026061558098252627 0.03158561885807197 -0.00654601586815666 0.030121618290695446 -0.002231857878218755 -0.009036546357145687 -0.0032559697046240337 0.005640138337725658 0.0029507250548360836 0.026816224433195247 0.001851408172275699 -0.01719020527081015 0.0023783296334536426 0.011494150743009652 0.016090224019149033 -0.03276159067220487 0.002628647906262081 0.01664448341531412 0.02082418752460763 2.582878220498676E-4 0.02250397735697153 0.010037240544378184 0.011904192952851335 -0.011494089746821978 -0.030912688487839932 0.019112620276229918 -0.007093005339057164 0.0018046625742929546 0.0013364160750854147 -0.021439610140799644 0.015402061482416098 0.0037441306964997177 -0.019217858262159195 0.011159526507079577 -0.06799599180610551 -0.022200670733827425 0.006730864211642714 0.00937554411936082 -0.005606830307240712 -0.0018803490682051855 -0.00660577267057408 -0.02793508963354522 -0.009262841925891495 -0.005067377331684914 -0.008572781729629496 0.0038081328529888468 -0.021810854212914902 -0.0066131901448499555 0.03520520348805533 0.008508941463422312 0.01091263245584274 0.03501022545887494 -0.009665448058228514 -0.03443935213517034 0.003161738664086737 -0.03483739923008575 -0.005808407721701079 0.019875678141706373 -0.005778427261410727 0.02831684223739647
ADAM_M blocks.0.ffn.down.weight 128 -0.0016955340728961794 0.0015060970785635214 0.0022866559012954682 7.5838490372166E-4 0.0014672982502572285 -2.49514615373627E-4 3.1280487505666035E-4 -6.265883367876028E-4 -0.0011381938620461138 -5.616823736946517E-4 3.1714980854481993E-4 1.5466728147389848E-4 -0.003840477988407265 6.022698394078285E-4 1.911615163593609E-4 -0.0016287915606943678 1.453870265701012E-4 -0.0010050437710001456 -0.0012293934028565104 -9.89473258126889E-4 -0.0015096473724557093 1.3908426940034064E-4 -7.650444089698367E-5 3.698551803009675E-4 -2.6507080728936536E-4 5.705753522328989E-4 0.001655611716189009 0.0010708797319736024 0.0013172672655389346 -7.970971491050137E-5 -1.9892470250173352E-4 -0.0015370803195818242 -2.7071699821027263E-4 -5.007441402554515E-4 -7.256862799441296E-4 -3.5487416872912673E-4 -0.002464274657789314 3.417233480360664E-4 2.0372990327140354E-4 5.282972127874388E-5 -7.424046960943486E-4 -1.8994285044621758E-5 2.5576943056892165E-4 -6.850807705192875E-4 6.503269396569264E-4 -2.3018793925569064E-4 -1.6709935022780653E-5 2.1338487644779157E-4 9.586120393699005E-4 -2.574590916679759E-5 -5.305021094941551E-4 7.489118759862203E-4 -0.0010398833666308822 3.1011895438059697E-4 6.355815052399885E-5 -6.196294902885755E-5 0.0010448441028890693 -1.2195661015762475E-4 -5.069228682522744E-4 9.863336904649112E-4 -0.0016290309115409565 4.4488991939623424E-4 5.365232209916214E-5 -4.415666274854193E-4 -8.482685768677739E-4 -1.3775158341897627E-4 -7.169191264630534E-4 -0.0013479125303392805 -4.0035800192119353E-4 -1.6620372906434537E-4 2.7193193854178E-4 0.0014293837657483003 -1.207117450262337E-4 6.771103885158794E-5 2.0777741548819184E-4 -1.7037789705409893E-4 8.528701725173341E-4 -1.65162250269964E-4 -7.841052932184157E-5 6.88980503747148E-5 0.001279667796854098 0.002063671604822303 0.002990488318065111 0.003488364161253526 0.004347304997412132 -1.999397133210252E-4 -3.152534815197073E-4 -0.0021124432343497222 -0.001395205472513072 0.0013021680970844586 0.002867151046895799 0.001408840228807358 0.0015168196933032963 -1.3758865383847393E-4 2.5043837572267182E-5 -0.0019782695509191887 -8.508653478941177E-4 -0.0014793893729897999 -0.0016862427201893395 -0.001788067136572207 -0.003911242822084775 3.7610828133263535E-4 1.824742043317907E-4 4.724811839784646E-4 -0.0024185632307788395 -0.0012199543314133409 -0.0012942475089011605 -0.003038900572219426 -0.003032412977073508 -1.9106710963235888E-5 3.746180587753768E-4 0.0013440695122653489 7.675438803992322E-4 -2.42972843473118E-4 -0.0012252836387292975 -2.2869765993685618E-4 -7.83167844258589E-4 1.2662460950930814E-4 1.2792915913439882E-4 0.001043129045920365 -4.1363783858708336E-4 2.8083333618445714E-4 5.967626240992677E-4 4.204491529581592E-4 -4.1440586566498497E-4 9.821860140062338E-5 9.810218285860103E-5 -5.508888304902513E-4
ADAM_V blocks.0.ffn.down.weight 128 1.1731710821631603E-7 9.2566584241377E-8 2.1337814675658848E-7 2.347078768997999E-8 8.785876725701331E-8 2.5406233504831836E-9 3.9929634230872574E-9 1.6021859522287464E-8 5.286652745034542E-8 1.2874485927181106E-8 4.1046602274052525E-9 9.7621440195083E-10 6.018924098807892E-7 1.4802345477751867E-8 1.4912458215049587E-9 1.0826281793119615E-7 8.625804585938213E-10 4.1220974878428753E-8 6.16779687633953E-8 3.995364704615149E-8 9.300350949680684E-8 7.89413107478517E-10 2.388479935646141E-10 5.582281306301005E-9 2.8672932189786307E-9 1.3285390375751917E-8 1.1185754626070948E-7 4.6798259795453676E-8 7.081024635595567E-8 2.592810744819045E-10 1.6148260270891024E-9 9.64142950317489E-8 2.990744809687718E-9 1.0232460051785898E-8 2.1490480734022285E-8 5.139218499235423E-9 2.4781439374396417E-7 4.7653808092755226E-9 1.6937833682321732E-9 1.1389507500983903E-10 2.2492085555959377E-8 1.472292868096597E-11 2.669596223551047E-9 1.9152781807916012E-8 1.725884768549489E-8 2.162287491465201E-9 1.1394567051554134E-11 1.8581277856583324E-9 3.75002414711909E-8 2.704984441674736E-11 1.1484776194512627E-8 2.2888099942193328E-8 4.412833781805213E-8 3.924686108229902E-9 1.6485070489560747E-10 1.5667960369968277E-10 4.4550368215674755E-8 6.069584961063708E-10 1.0486536507660054E-8 3.970050594689217E-8 1.0829463870150642E-7 8.077062375880821E-9 1.1746956282551307E-10 7.956843061070818E-9 2.9363989819418486E-8 7.743574935335989E-10 2.097435623884496E-8 7.414326848268384E-8 6.541017821168211E-9 1.1272748907244994E-9 3.017649141578321E-9 8.337694855248403E-8 5.946307479064688E-10 1.8709718791303862E-10 1.7617528624222404E-9 1.1846084143590853E-9 2.9683435115307073E-8 1.1131915185596731E-9 2.508979295009555E-10 1.937145185824712E-10 6.682558787945458E-8 1.7379188076023532E-7 3.6494929294713654E-7 4.965831031668149E-7 7.712381903625049E-7 1.6313473291170009E-9 4.0557211631488734E-9 1.8210354527050467E-7 7.94373317800411E-8 6.91962259443124E-8 3.3546672747273365E-7 8.099753357631004E-8 9.388932640860188E-8 7.725267903881033E-10 2.5594701145559953E-11 1.5970526695693383E-7 2.9544046638690044E-8 8.931271579346195E-8 1.1603485973849724E-7 1.3047158807203096E-7 6.242777614208626E-7 5.772634999530853E-9 1.3587866250548896E-9 9.109978288311764E-9 2.3870592460574384E-7 6.073449891448766E-8 6.835699797285316E-8 3.768610796198294E-7 3.7525371387521103E-7 1.4897732565635313E-11 5.726980762117938E-9 7.372109311372525E-8 2.4041122034197912E-8 2.4091496524290733E-9 6.126628895776353E-8 2.1343800251279225E-9 2.502983584887147E-8 6.543114862099635E-10 6.678630196634347E-10 4.4404234049469305E-8 6.982144399514051E-9 3.218441536971208E-9 1.4532874930932272E-8 7.2139855799420196E-9 7.0080968336537655E-9 3.9367315190689163E-10 3.9274046314811387E-10 1.2384436195647914E-8
ADAM_PARAM lmHead.weight 256 -0.005298343257884768 -0.003670220615084761 0.009376416391431665 -0.01872668219690422 -0.02492990683492726 0.004032949852814346 -0.02124678486350995 -0.01811615914548798 -0.008658265827637561 0.01783676847183463 0.012238851642089031 -0.022393464439976397 0.001366319566033285 0.02249404821267114 0.01188352758674604 -0.010387031050389243 -0.016360392308914416 -0.005720018394732239 -0.02647355897443697 0.004648036821476379 0.021704880938822186 -0.003951682042418551 0.01142077299482202 -0.021678901656577446 0.01002503580720639 0.04500034072894207 -0.0021614193592970283 0.034928149242267 0.019205490555978755 0.007088325134755522 0.028259409591581526 -0.012400120953684599 -9.711359735844343E-4 0.013515980374666082 0.014539750355522943 0.007955173260486462 -0.012862477800847552 0.004494673078593415 0.0035806176599562653 0.012001470759720745 0.04076047263085564 0.004957331826994557 9.458882250513679E-4 -0.013996031365528565 -0.02201570399562754 -0.011377849187069794 -0.013446042863444986 0.01938161299324141 0.015044113932163511 -0.020323829114829862 0.011667788810300778 -0.021527468853273755 -0.009590693233386077 0.054098928153001775 0.009020266890189203 -0.005751155219093456 0.011427353165228329 0.003490650478579877 -0.001354740902348706 0.011759170246849264 0.006392999262057716 0.023820061428240683 -0.01044643303139945 -0.008495447948206922 0.0033264559372794076 -0.014598578060488492 0.023600732307475402 0.03257123588259768 0.01849882559124751 0.012727885264169047 0.024464759119267303 -0.0032059656793835306 -0.01294743944605759 -0.006801091510806703 0.004033475214490029 -0.03188440747133247 -0.001797469537720288 -0.005954256871854607 -0.03811337845408378 0.02172511710781112 -0.02395795886547508 0.03717148687014046 -0.01655694815064081 0.0029575859969394776 0.010525017296729987 0.01992854548529571 -0.01478628358866918 0.02133891641743554 6.913776778696474E-4 -0.014616411579814833 -0.010333463709712692 -0.013248855477670239 -0.01244517367656784 -0.008655794575305001 -0.03409770716129606 -0.004781149946794771 0.0035096273073675177 0.021191281289650584 0.029891575629004647 -0.002742499082259268 -0.009659649335293166 0.016402683832244844 0.01670753400411124 0.007570588198475134 0.016466069597277817 0.03679329618921013 -0.0262899352483927 0.04013160657483077 -0.0014257912724040098 0.03376880357917662 -0.015174500706719954 -0.01071193335541532 -0.01750684687329468 -0.002157657074068731 -0.0018776619016875977 -0.013194896571473873 -0.029893122532063013 0.020170768659064132 -0.012589563369829993 0.006115253839919849 -0.007421341558456882 0.015816269202868636 0.0032502629937218998 -0.03076896639382637 0.017278311958857602 -6.179351177673534E-5 0.010603305405485331 -0.0022861170291632728 -0.0273764883367565 -0.006814554127596572 0.03159198317369196 0.039748900473206866 -0.04202474571642771 -0.02597124793429216 0.004442150175586871 0.020262844965720336 -0.010767565687024187 -0.013620000507222459 -0.018835440798513115 0.04881285357980558 0.0033554172250458564 0.023504393358266873 0.02191619264959579 0.00741426459012709 -0.019212068530546935 0.004502571098237414 0.02461304204560521 -0.01923203730885784 0.03691978930110962 -0.015438774745639445 -0.014034939101799032 -0.011562350581677296 0.01609236848414888 -0.0246091661223288 0.01579302141978483 -0.003593606431140217 0.03179167697245849 -0.0052422986782776826 -0.0026810582141341055 0.03191644369525949 0.01306525928630466 0.0055635775805802125 -0.0012959493591400417 -0.005936345144777323 0.011249117186859803 0.009034311864335001 0.003214209395651914 -0.02130250792392886 0.01167229121861515 -0.024674834528092337 -0.04505929091490254 -0.00832993925496345 -0.007327104968756956 -0.029579025022231576 0.0017640615780007375 0.020349231138340584 0.025134542443927717 -0.014663967020368133 3.9975698306915746E-4 0.004611944620038203 -0.0391763447121919 0.01880902878665961 0.01430908911888447 -0.04615708286494832 -0.02890833308367902 0.010130065406567506 0.013275685309716156 -0.016933957873568346 -0.028738471812881652 -0.002434370861483022 -5.762409300218605E-4 -0.026600257032770427 9.141851662594142E-4 0.03601814679691822 0.0014572095082034686 0.00726842107072468 -0.01807808762074406 0.005972294549671857 -0.004527678641672131 0.015032850105508547 0.006057483741110987 -0.023932058445137724 0.00724390765281533 0.027087257591710448 0.015362506084002478 0.017181264886667914 0.002060777487841911 0.011251650279835636 -0.010117774321331992 -0.016560633060919375 0.005604390807494344 0.018954289265052524 0.02486046180596609 0.009519505354875312 -0.009834433392807516 0.013274549906948986 -0.01747985718271989 -0.028300727837799012 0.03753848949002336 -0.015660730268212103 0.013849714240576953 -0.008165913611729764 0.014401231858534124 0.01085335657156086 0.003407345708561733 -0.01618569235058201 -0.025465907126814506 -0.009051073252224581 -0.013434362945402662 0.01349575682599662 0.006376497324244264 0.02315447258279695 0.0317166208258239 0.025013609907829963 -0.006142033886954886 0.009506440519379902 0.011089343299992787 -4.689469941977454E-4 0.006203014037673902 -0.01782438121436085 0.017163306895566804 -0.029514856755585354 -6.975213798982601E-4 -0.002977032590133288 0.010683005157924192 -0.007549934679845963 -0.021872859954160117 -0.01688800054553334 -0.023591000981817215 0.009507110884776706 3.8328119945853873E-4 0.00889083770834039 0.03384095084242673 0.0032727989111895187 -7.436074893638519E-4 -0.012616180154564612
ADAM_M lmHead.weight 256 -8.045008757072055E-4 -8.723358498899513E-4 0.04351203543022619 -0.01546314834591115 0.006427603133203369 -0.012605191483460159 -7.917261187130862E-4 -7.639070988866057E-4 -7.928241847620814E-4 -7.807328499027958E-4 -8.039426232351673E-4 -7.808163165709379E-4 -7.021988265798584E-4 -7.430461040211181E-4 -7.100088985241414E-4 -8.040341412458319E-4 -8.086114224114666E-4 -8.269409380373402E-4 -8.353753752569941E-4 -7.484561093331786E-4 -6.070365811006366E-4 -8.830183213825564E-4 -8.535331009615899E-4 -8.98888596353838E-4 -8.429505407837376E-4 -7.418638438063152E-4 -7.368692475084627E-4 -7.084765608594032E-4 -6.535213320730725E-4 -8.187415458607112E-4 -7.56803994681797E-4 -8.001373356083647E-4 -0.0022751293616771096 -0.0021011985683407645 -0.014488153631162192 0.026887887456149798 0.013195165357040486 0.0342739047365765 -0.002165259654570148 -0.002059531186525605 -0.002157226081084525 -0.002136495113170988 -0.002111015359658188 -0.002012559798352169 -0.0022311656730757954 -0.0020516782963168135 -0.0021736753288957317 -0.002164527714475719 -0.0022604626763061196 -0.0021388887913737645 -0.0020498833950534116 -0.0022972643760541173 -0.0021242919230930945 -0.002107639132770385 -0.0021790290116968877 -0.002033428649053726 -0.002000243529009232 -0.002278685359627008 -0.002180953392156167 -0.00218249150310882 -0.0020813458406590433 -0.002116782974445044 -0.002179879499307067 -0.0020180717287471405 4.085365874156151E-4 3.0667434316321876E-4 0.020259778500339692 -0.00798188576728827 -0.0012335791942900461 -0.02102610224862637 3.6728975837295506E-4 3.2745456170653374E-4 3.6349465550931687E-4 3.8225351736289795E-4 3.5434462927975096E-4 2.89574952777516E-4 4.0919126841833746E-4 3.3583992069361845E-4 3.785653965045402E-4 3.464918388152496E-4 3.9326248979459856E-4 3.5268687899291275E-4 2.964722193529461E-4 4.2199443228076324E-4 3.897175808669078E-4 3.195097283787831E-4 3.5294282340793924E-4 2.96902372697111E-4 2.95219923833185E-4 4.406100477066316E-4 3.6269252054591113E-4 4.0300492993589586E-4 3.6962335647474807E-4 3.442991933194063E-4 3.7584365638347833E-4 2.9729512587423074E-4 -8.253739961881456E-4 -6.683502013566692E-4 -0.02551575301446039 0.022751761014007645 0.029309227966392713 -0.004168112070244183 -8.178463061022593E-4 -7.972096824656583E-4 -8.326650035477688E-4 -8.095312890044347E-4 -7.542198165037064E-4 -7.530754340233769E-4 -8.65650521716598E-4 -7.387627568315267E-4 -9.039833039952822E-4 -7.876310460234067E-4 -9.010610071195194E-4 -7.58644658750731E-4 -7.809400399099006E-4 -8.301712080264101E-4 -8.98190319096935E-4 -7.027407861720826E-4 -7.794380643633783E-4 -6.45473208225825E-4 -7.32288793601422E-4 -8.803378896088036E-4 -8.121026733228576E-4 -9.060337603907236E-4 -8.640677039442424E-4 -7.919873964948557E-4 -7.928307195255132E-4 -7.465163093837655E-4 -0.004419178605523559 -0.00406713175385694 0.04106986000124285 -0.03168501976304424 0.026356648109693084 0.07740515347261416 -0.004147732049018278 -0.0038150915340194108 -0.0041319122170935495 -0.004253896343251515 -0.0041516182754761715 -0.0036283229509973254 -0.004023460578435008 -0.0037949090996792076 -0.0038753657990721795 -0.004029540475958643 -0.004335471342381595 -0.004208891821857029 -0.0038876270648301302 -0.004255864073923422 -0.003564957182306887 -0.004215952413993573 -0.004285394089750806 -0.004179966595459104 -0.003963132216648346 -0.004405341548598247 -0.003847630572610585 -0.004059635119292392 -0.003652241252350252 -0.004131691833399263 -0.0040438597098222595 -0.003770825300900185 0.003959318820400424 0.003815299701303976 -5.807687799157188E-4 -0.05444879525656781 -0.022475711430573895 -0.028779101165809493 0.0038197359525292685 0.003700452724583512 0.003808699357585086 0.0036978140905771758 0.0037164790183623684 0.0037001808567602053 0.0039166544896718945 0.003673606666747594 0.0038587505708166216 0.0038860834186023245 0.003961226715832985 0.003778773918326806 0.003728446591513497 0.004016965654697483 0.00377003240562889 0.0037735651126286325 0.0038625567442110067 0.003646805343755978 0.0035976792407369767 0.0038986150691920417 0.003925025831655266 0.0037960123112906847 0.00369115961002524 0.003751238004781804 0.0038608572041862795 0.0036723412064628967 -2.1900550082315113E-4 2.449442978634543E-4 -0.010407910194787625 -0.062048275007206596 0.0675793063107766 0.006584363586186768 -1.7210374869128676E-4 2.6716301267690307E-6 -2.1468075150867077E-4 -4.3212701919767863E-4 -1.781563380594658E-4 2.757181099548791E-4 9.030387977077091E-6 1.408110918396322E-4 -5.443689848873074E-5 1.1091315627357772E-4 -3.4116772038665644E-4 -1.5323032238551124E-4 -9.041665861487132E-6 3.13529889698582E-5 1.4564227267976454E-4 -4.827113967450563E-5 -1.5595318525941405E-4 -7.429031463947978E-5 -1.5917654168119376E-4 -4.164293644196279E-4 3.021637411836481E-4 -3.2208741699987634E-4 1.05651201705602E-5 -2.1122014693641375E-4 6.714088210933242E-5 1.1293970089543273E-4 3.6540104745747163E-5 -3.496346213576677E-4 0.06697627523602342 -0.009750390171016858 -0.04832169298319055 -0.008256640324088205 2.7800011624295125E-5 -3.076569347923088E-5 5.8238764606262684E-5 1.3417663517647076E-4 -3.889209080295817E-5 -1.9395085487927335E-4 7.909047557760422E-5 -1.2214539876501546E-4 1.3671439200709288E-4 -1.2420950175873793E-4 1.5429002030879952E-4 -6.665222381155812E-5 -1.0557122281564579E-4 -8.649211247282179E-6 1.471821889962064E-4 -2.1059275913970529E-4 -7.16725456216459E-5 -2.655882753491932E-4 -9.694141294800726E-5 2.235010526359786E-4 -1.168831402319763E-4 2.4560727574007553E-4 1.283476504761764E-4 -3.323172792094691E-6 -6.013100507903902E-5 -1.534371995434774E-4
ADAM_V lmHead.weight 256 2.641200363946028E-8 3.10538712228115E-8 7.72622061717456E-5 9.757625611601405E-6 1.68595668879598E-6 6.484062626297824E-6 2.5579865160422043E-8 2.3813838163626872E-8 2.5650869158063426E-8 2.4874434266241706E-8 2.6375361166951804E-8 2.487975310771468E-8 2.012187769307926E-8 2.2530966867040197E-8 2.0571970345652716E-8 2.638136646609936E-8 2.6682594108440206E-8 2.7905980785835424E-8 2.847814156338494E-8 2.2860250314377967E-8 1.503758283035469E-8 3.1819088565589664E-8 2.9729598392815572E-8 3.297312035293182E-8 2.899696159292196E-8 2.245932589037413E-8 2.2157929193278734E-8 2.0483269518234783E-8 1.742881430153999E-8 2.735533031870655E-8 2.337303651900391E-8 2.612626800364392E-8 2.1123238208184E-7 1.801700082999481E-7 8.565927438898581E-6 2.9502693632258052E-5 7.105227370881585E-6 4.7937510528705186E-5 1.9132348082626832E-7 1.73095210582081E-7 1.899064129745447E-7 1.8627394556604782E-7 1.818574480872823E-7 1.6528973850303087E-7 2.0314771666308253E-7 1.7177772024647675E-7 1.9281359782557434E-7 1.9119415346605408E-7 2.085177294437397E-7 1.866915731628472E-7 1.7147729383000107E-7 2.1536258829598064E-7 1.8415211105034393E-7 1.8127621023619065E-7 1.9376455314219773E-7 1.687353910077081E-7 1.6327288033221339E-7 2.1189320510393185E-7 1.9410694543557305E-7 1.9438082868169475E-7 1.7678149610927598E-7 1.8285252996267337E-7 1.939158375087191E-7 1.6619635815432566E-7 6.810989641262535E-9 3.837984298343763E-9 1.675011109914703E-5 2.5999160334882657E-6 6.209868131680828E-8 1.8041217827626815E-5 5.505109263476004E-9 4.375728785062804E-9 5.391931493118618E-9 5.962814333574777E-9 5.123892568312399E-9 3.4219234858202813E-9 6.832836391177531E-9 4.602702910172056E-9 5.848306617902634E-9 4.899303296118201E-9 6.3112205190028485E-9 5.076061928969896E-9 3.5868756023122926E-9 7.2671102354892315E-9 6.197953336849277E-9 4.165973261161098E-9 5.083431985462544E-9 3.5972915923503534E-9 3.5566377504218922E-9 7.922406079913337E-9 5.368160664102118E-9 6.627794340357909E-9 5.575285593870553E-9 4.837492630813244E-9 5.764514753712912E-9 3.6068151416036083E-9 2.7800324822541262E-8 1.8228732529207575E-8 2.656838068358005E-5 2.112410611879564E-5 3.505557247936193E-5 7.089687312102736E-7 2.7295540533853008E-8 2.5935428972383505E-8 2.8293646937081845E-8 2.6743336232469924E-8 2.321369018767946E-8 2.3143299073856777E-8 3.057971942264184E-8 2.2271952549416824E-8 3.33479487132636E-8 2.5315934237666492E-8 3.313269011518111E-8 2.348686844051697E-8 2.4887638316920747E-8 2.8124424236985022E-8 3.2921911699953104E-8 2.0152949955150872E-8 2.479199799799502E-8 1.7002185390450427E-8 2.1883313507684475E-8 3.1626205937253124E-8 2.6913500405891758E-8 3.3499402980290854E-8 3.04679933364255E-8 2.5596751184699515E-8 2.56512920085662E-8 2.2741908443702397E-8 7.969506236713622E-7 6.750326652570819E-7 6.883269138624072E-5 4.096908558791192E-5 2.8348407220881148E-5 2.445051765439238E-4 7.020526628394214E-7 5.939614115211445E-7 6.967074888181005E-7 7.384517298337797E-7 7.033688586596288E-7 5.372299028147642E-7 6.606140515763419E-7 5.876937353875193E-7 6.128775461674722E-7 6.626120830329293E-7 7.670451810686972E-7 7.229093354931318E-7 6.167618464707433E-7 7.39135061103037E-7 5.18629172871136E-7 7.253367911814704E-7 7.494278682275918E-7 7.130072211348603E-7 6.40951884579802E-7 7.919677126397085E-7 6.041364509069077E-7 6.725464859425722E-7 5.443362050690611E-7 6.966331702617532E-7 6.673297205500274E-7 5.802579921093214E-7 6.397190074259864E-7 5.940262313066293E-7 1.3764322208842204E-8 1.2098314109872639E-4 2.0614613707274754E-5 3.37989149110255E-5 5.954084460080298E-7 5.588020961436037E-7 5.919727171907872E-7 5.58005464687259E-7 5.636528103527689E-7 5.587199901202908E-7 6.260064809494573E-7 5.507235081695129E-7 6.076335143228648E-7 6.162721528525371E-7 6.403356847363381E-7 5.827068512089387E-7 5.672887340404212E-7 6.584829633291704E-7 5.800139948884381E-7 5.811015078302284E-7 6.08832813990655E-7 5.427170569203169E-7 5.281936631204319E-7 6.202532097060242E-7 6.286853564081873E-7 5.880354799596743E-7 5.559989303918016E-7 5.74245427181536E-7 6.082971542396801E-7 5.503441541691429E-7 1.9573043110474384E-9 2.4484033991640056E-9 4.42054054831796E-6 1.5711141159303592E-4 1.863698969700254E-4 1.7691958623608817E-6 1.2087290676807283E-9 2.912734973350649E-13 1.8807649380809523E-9 7.620283868869055E-9 1.2952418277200012E-9 3.1022649890834497E-9 3.3278299434440314E-12 8.091369574517833E-10 1.2093027854797506E-10 5.020123884577525E-10 4.749896794114946E-9 9.581593385103663E-10 3.336147264326671E-12 4.0114945402296256E-11 8.656118649103136E-10 9.508749605470243E-11 9.925143735936299E-10 2.252229805449528E-10 1.0339664232194714E-9 7.076703473803041E-9 3.725915523777788E-9 4.2334635339482354E-9 4.555092373255314E-12 1.8206186486847372E-9 1.8395957251405391E-10 5.205249757262356E-10 5.44863708542271E-11 4.988582596843346E-9 1.8305866416528483E-4 3.879647747250638E-6 9.528676645515335E-5 2.7819866310080706E-6 3.1538298632025004E-11 3.862617677613449E-11 1.3841163980931836E-10 7.346865671345276E-10 6.17263913820657E-11 1.5350824354217937E-9 2.5526817890002737E-10 6.088390918230148E-10 7.62740446909582E-10 6.295901799877548E-10 9.71457886942976E-10 1.812915633335601E-10 4.5481984935383426E-10 3.052820820026863E-12 8.840133460256364E-10 1.8098191340657932E-9 2.0963025644022942E-10 2.878499137402813E-9 3.8350143813500253E-10 2.0384846799376913E-9 5.575092123979872E-10 2.4616752660044008E-9 6.722396925863676E-10 4.5066533448093523E-13 1.4755204474161014E-10 9.607483181274459E-10
